machine,station_id,station_type,day,shift,planned_min,running_min,total_units,good_units,availability,performance,quality,oee
M1,ST1,Robotics,2025-01-01,A,480,292,1840,1832,0.6083333333333333,1.0,0.9956521739130435,0.6056884057971014
M1,ST2,CNC,2025-01-01,A,480,291,1845,1837,0.60625,1.0,0.9956639566395664,0.6036212737127371
M1,ST3,Robotics,2025-01-01,A,480,291,1842,1835,0.60625,1.0,0.996199782844734,0.60394611834962
M1,ST4,Assembly,2025-01-01,A,480,292,1839,1834,0.6083333333333333,1.0,0.9972811310494835,0.606679354721769
M1,ST5,Welding,2025-01-01,A,480,293,1831,1824,0.6104166666666667,1.0,0.9961769524849808,0.6080830147460404
M1,ST6,Cooling_System,2025-01-01,A,480,296,1823,1815,0.6166666666666667,1.0,0.9956116291826659,0.613960504662644
M1,ST7,Inspection,2025-01-01,A,480,292,1815,1811,0.6083333333333333,1.0,0.9977961432506887,0.6069926538108356
M1,ST8,Packaging,2025-01-01,A,480,290,1807,1798,0.6041666666666666,1.0,0.9950193691200886,0.6011575355100535
M1,ST1,Robotics,2025-01-01,B,480,205,1257,1255,0.4270833333333333,1.0,0.9984089101034208,0.4264038053566693
M1,ST2,CNC,2025-01-01,B,480,204,1259,1257,0.425,1.0,0.9984114376489277,0.42432486100079425
M1,ST3,Robotics,2025-01-01,B,480,210,1267,1260,0.4375,1.0,0.994475138121547,0.4350828729281768
M1,ST4,Assembly,2025-01-01,B,480,211,1262,1256,0.4395833333333333,0.9968404423380727,0.9952456418383518,0.4361111111111111
M1,ST5,Welding,2025-01-01,B,480,208,1262,1258,0.43333333333333335,1.0,0.9968304278922345,0.43195985208663495
M1,ST6,Cooling_System,2025-01-01,B,480,206,1262,1254,0.42916666666666664,1.0,0.993660855784469,0.4264461172741679
M1,ST7,Inspection,2025-01-01,B,480,209,1262,1257,0.4354166666666667,1.0,0.9960380348652932,0.4336915610142631
M1,ST8,Packaging,2025-01-01,B,480,211,1262,1257,0.4395833333333333,0.9968404423380727,0.9960380348652932,0.43645833333333334
M1,ST1,Robotics,2025-01-01,C,120,47,250,249,0.39166666666666666,0.8865248226950354,0.996,0.3458333333333333
M1,ST2,CNC,2025-01-01,C,120,42,235,234,0.35,0.9325396825396826,0.9957446808510638,0.325
M1,ST3,Robotics,2025-01-01,C,120,41,237,235,0.3416666666666667,0.9634146341463414,0.9915611814345991,0.3263888888888889
M1,ST4,Assembly,2025-01-01,C,120,42,252,252,0.35,1.0,1.0,0.35
M1,ST5,Welding,2025-01-01,C,120,45,267,266,0.375,0.9888888888888889,0.9962546816479401,0.36944444444444446
M1,ST6,Cooling_System,2025-01-01,C,120,47,282,281,0.39166666666666666,1.0,0.9964539007092199,0.3902777777777778
M1,ST7,Inspection,2025-01-01,C,120,49,297,293,0.4083333333333333,1.0,0.9865319865319865,0.4028338945005611
M1,ST8,Packaging,2025-01-01,C,120,52,312,311,0.43333333333333335,1.0,0.9967948717948718,0.43194444444444446
M1,ST1,Robotics,2025-01-02,A,480,106,607,606,0.22083333333333333,0.9544025157232704,0.9983525535420099,0.21041666666666664
M1,ST2,CNC,2025-01-02,A,480,105,609,607,0.21875,0.9666666666666667,0.9967159277504105,0.2107638888888889
M1,ST3,Robotics,2025-01-02,A,480,108,614,611,0.225,0.9475308641975309,0.995114006514658,0.21215277777777777
M1,ST4,Assembly,2025-01-02,A,480,112,619,616,0.23333333333333334,0.9211309523809523,0.9951534733441034,0.21388888888888888
M1,ST5,Welding,2025-01-02,A,480,113,623,618,0.23541666666666666,0.9188790560471977,0.9919743178170144,0.21458333333333332
M1,ST6,Cooling_System,2025-01-02,A,480,115,628,626,0.23958333333333334,0.9101449275362319,0.9968152866242038,0.21736111111111112
M1,ST7,Inspection,2025-01-02,A,480,114,637,633,0.2375,0.9312865497076024,0.9937205651491365,0.21979166666666664
M1,ST8,Packaging,2025-01-02,A,480,115,652,651,0.23958333333333334,0.9449275362318841,0.9984662576687117,0.22604166666666667
M1,ST1,Robotics,2025-01-02,B,480,192,1154,1151,0.4,1.0,0.9974003466204506,0.39896013864818025
M1,ST2,CNC,2025-01-02,B,480,193,1150,1146,0.40208333333333335,0.9930915371329879,0.9965217391304347,0.3979166666666667
M1,ST3,Robotics,2025-01-02,B,480,196,1145,1143,0.4083333333333333,0.9736394557823129,0.9982532751091703,0.396875
M1,ST4,Assembly,2025-01-02,B,480,201,1140,1138,0.41875,0.945273631840796,0.9982456140350877,0.39513888888888893
M1,ST5,Welding,2025-01-02,B,480,206,1151,1142,0.42916666666666664,0.9312297734627831,0.9921807124239791,0.3965277777777777
M1,ST6,Cooling_System,2025-01-02,B,480,204,1161,1158,0.425,0.9485294117647058,0.9974160206718347,0.4020833333333333
M1,ST7,Inspection,2025-01-02,B,480,203,1167,1161,0.42291666666666666,0.958128078817734,0.9948586118251928,0.40312499999999996
M1,ST8,Packaging,2025-01-02,B,480,201,1167,1161,0.41875,0.9676616915422885,0.9948586118251928,0.40312499999999996
M1,ST1,Robotics,2025-01-02,C,480,189,1140,1139,0.39375,1.0,0.9991228070175439,0.3934046052631579
M1,ST2,CNC,2025-01-02,C,480,192,1142,1141,0.4,0.9913194444444444,0.999124343257443,0.3961805555555556
M1,ST3,Robotics,2025-01-02,C,480,190,1127,1122,0.3958333333333333,0.9885964912280701,0.9955634427684117,0.3895833333333333
M1,ST4,Assembly,2025-01-02,C,480,187,1112,1107,0.38958333333333334,0.9910873440285205,0.9955035971223022,0.384375
M1,ST5,Welding,2025-01-02,C,480,186,1082,1078,0.3875,0.9695340501792115,0.9963031423290203,0.37430555555555556
M1,ST6,Cooling_System,2025-01-02,C,480,190,1052,1050,0.3958333333333333,0.9228070175438596,0.9980988593155894,0.3645833333333333
M1,ST7,Inspection,2025-01-02,C,480,191,1022,1017,0.39791666666666664,0.8917975567190227,0.9951076320939335,0.353125
M1,ST8,Packaging,2025-01-02,C,480,186,1007,1002,0.3875,0.9023297491039427,0.9950347567030785,0.3479166666666667
M1,ST1,Robotics,2025-01-03,A,480,266,1587,1585,0.5541666666666667,0.9943609022556391,0.9987397605545053,0.5503472222222222
M1,ST2,CNC,2025-01-03,A,480,265,1593,1588,0.5520833333333334,1.0,0.9968612680477087,0.5503504917346725
M1,ST3,Robotics,2025-01-03,A,480,267,1600,1596,0.55625,0.9987515605493134,0.9975,0.5541666666666667
M1,ST4,Assembly,2025-01-03,A,480,267,1602,1593,0.55625,1.0,0.9943820224719101,0.553125
M1,ST5,Welding,2025-01-03,A,480,265,1604,1599,0.5520833333333334,1.0,0.9968827930174564,0.5503623753117207
M1,ST6,Cooling_System,2025-01-03,A,480,268,1602,1599,0.5583333333333333,0.996268656716418,0.99812734082397,0.5552083333333333
M1,ST7,Inspection,2025-01-03,A,480,268,1602,1594,0.5583333333333333,0.996268656716418,0.9950062421972534,0.5534722222222223
M1,ST8,Packaging,2025-01-03,A,480,264,1601,1600,0.55,1.0,0.9993753903810119,0.5496564647095565
M1,ST1,Robotics,2025-01-03,B,480,170,953,948,0.3541666666666667,0.9343137254901961,0.9947534102833159,0.3291666666666667
M1,ST2,CNC,2025-01-03,B,480,167,952,947,0.34791666666666665,0.9500998003992016,0.9947478991596639,0.32881944444444444
M1,ST3,Robotics,2025-01-03,B,480,168,950,948,0.35,0.9424603174603174,0.9978947368421053,0.32916666666666666
M1,ST4,Assembly,2025-01-03,B,480,167,948,941,0.34791666666666665,0.9461077844311377,0.9926160337552743,0.3267361111111111
M1,ST5,Welding,2025-01-03,B,480,166,945,941,0.3458333333333333,0.9487951807228916,0.9957671957671957,0.3267361111111111
M1,ST6,Cooling_System,2025-01-03,B,480,168,937,930,0.35,0.9295634920634921,0.9925293489861259,0.3229166666666667
M1,ST7,Inspection,2025-01-03,B,480,169,937,934,0.35208333333333336,0.9240631163708086,0.9967982924226254,0.32430555555555557
M1,ST8,Packaging,2025-01-03,B,480,169,938,935,0.35208333333333336,0.9250493096646942,0.9968017057569296,0.3246527777777778
M1,ST1,Robotics,2025-01-03,C,480,228,1368,1362,0.475,1.0,0.9956140350877193,0.47291666666666665
M1,ST2,CNC,2025-01-03,C,480,226,1363,1358,0.4708333333333333,1.0,0.9963316214233309,0.4691061384201516
M1,ST3,Robotics,2025-01-03,C,480,226,1358,1355,0.4708333333333333,1.0,0.9977908689248896,0.4697932007854688
M1,ST4,Assembly,2025-01-03,C,480,226,1358,1353,0.4708333333333333,1.0,0.9963181148748159,0.4690997790868925
M1,ST5,Welding,2025-01-03,C,480,227,1359,1357,0.47291666666666665,0.9977973568281938,0.9985283296541575,0.47118055555555555
M1,ST6,Cooling_System,2025-01-03,C,480,227,1384,1380,0.47291666666666665,1.0,0.9971098265895953,0.47154985549132944
M1,ST7,Inspection,2025-01-03,C,480,215,1298,1290,0.4479166666666667,1.0,0.9938366718027735,0.4451560092449923
M1,ST8,Packaging,2025-01-03,C,480,228,1384,1377,0.475,1.0,0.994942196531792,0.4725975433526012
M1,ST1,Robotics,2025-01-04,A,480,218,1275,1271,0.45416666666666666,0.9747706422018348,0.9968627450980392,0.44131944444444443
M1,ST2,CNC,2025-01-04,A,480,217,1260,1254,0.45208333333333334,0.967741935483871,0.9952380952380953,0.4354166666666667
M1,ST3,Robotics,2025-01-04,A,480,218,1259,1256,0.45416666666666666,0.9625382262996942,0.9976171564733916,0.4361111111111111
M1,ST4,Assembly,2025-01-04,A,480,220,1254,1251,0.4583333333333333,0.95,0.9976076555023924,0.43437499999999996
M1,ST5,Welding,2025-01-04,A,480,217,1255,1254,0.45208333333333334,0.9639016897081413,0.999203187250996,0.4354166666666667
M1,ST6,Cooling_System,2025-01-04,A,480,216,1261,1257,0.45,0.9729938271604939,0.9968279143536876,0.4364583333333334
M1,ST7,Inspection,2025-01-04,A,480,214,1269,1266,0.44583333333333336,0.9883177570093458,0.9976359338061466,0.4395833333333333
M1,ST8,Packaging,2025-01-04,A,480,212,1277,1276,0.44166666666666665,1.0,0.9992169146436961,0.44132080396763246
M1,ST1,Robotics,2025-01-04,B,480,215,1180,1178,0.4479166666666667,0.9147286821705426,0.9983050847457627,0.40902777777777777
M1,ST2,CNC,2025-01-04,B,480,217,1180,1172,0.45208333333333334,0.9062980030721967,0.9932203389830508,0.4069444444444445
M1,ST3,Robotics,2025-01-04,B,480,219,1180,1177,0.45625,0.898021308980213,0.997457627118644,0.40868055555555555
M1,ST4,Assembly,2025-01-04,B,480,224,1180,1179,0.4666666666666667,0.8779761904761905,0.9991525423728813,0.409375
M1,ST5,Welding,2025-01-04,B,480,226,1189,1186,0.4708333333333333,0.8768436578171092,0.9974768713204374,0.41180555555555554
M1,ST6,Cooling_System,2025-01-04,B,480,226,1188,1186,0.4708333333333333,0.8761061946902655,0.9983164983164983,0.4118055555555556
M1,ST7,Inspection,2025-01-04,B,480,206,1051,1045,0.42916666666666664,0.8503236245954693,0.994291151284491,0.3628472222222222
M1,ST8,Packaging,2025-01-04,B,480,224,1188,1185,0.4666666666666667,0.8839285714285714,0.9974747474747475,0.4114583333333333
M1,ST1,Robotics,2025-01-04,C,480,175,1009,1007,0.3645833333333333,0.960952380952381,0.998017839444995,0.34965277777777776
M1,ST2,CNC,2025-01-04,C,480,179,1032,1026,0.3729166666666667,0.9608938547486033,0.9941860465116279,0.35625
M1,ST3,Robotics,2025-01-04,C,480,172,1039,1036,0.35833333333333334,1.0,0.9971126082771896,0.3572986846326596
M1,ST4,Assembly,2025-01-04,C,480,182,1059,1057,0.37916666666666665,0.9697802197802198,0.9981114258734656,0.36701388888888886
M1,ST5,Welding,2025-01-04,C,480,187,1060,1054,0.38958333333333334,0.9447415329768271,0.9943396226415094,0.3659722222222222
M1,ST6,Cooling_System,2025-01-04,C,480,185,1040,1039,0.3854166666666667,0.9369369369369369,0.9990384615384615,0.3607638888888889
M1,ST7,Inspection,2025-01-04,C,480,182,1026,1020,0.37916666666666665,0.9395604395604396,0.9941520467836257,0.35416666666666663
M1,ST8,Packaging,2025-01-04,C,480,188,1039,1035,0.39166666666666666,0.9210992907801419,0.9961501443695862,0.359375
M1,ST1,Robotics,2025-01-05,A,480,199,1022,1013,0.41458333333333336,0.8559463986599665,0.9911937377690803,0.35173611111111114
M1,ST2,CNC,2025-01-05,A,480,202,1037,1034,0.42083333333333334,0.8556105610561056,0.9971070395371263,0.3590277777777778
M1,ST3,Robotics,2025-01-05,A,480,202,1029,1024,0.42083333333333334,0.849009900990099,0.9951409135082604,0.35555555555555557
M1,ST4,Assembly,2025-01-05,A,480,203,1027,1023,0.42291666666666666,0.8431855500821018,0.9961051606621227,0.35520833333333335
M1,ST5,Welding,2025-01-05,A,480,203,1018,1014,0.42291666666666666,0.8357963875205254,0.9960707269155207,0.3520833333333333
M1,ST6,Cooling_System,2025-01-05,A,480,203,1010,1007,0.42291666666666666,0.8292282430213465,0.997029702970297,0.34965277777777776
M1,ST7,Inspection,2025-01-05,A,480,205,1002,999,0.4270833333333333,0.8146341463414634,0.9970059880239521,0.346875
M1,ST8,Packaging,2025-01-05,A,480,206,994,991,0.42916666666666664,0.8042071197411004,0.9969818913480886,0.3440972222222222
M1,ST1,Robotics,2025-01-05,B,480,200,1119,1114,0.4166666666666667,0.9325,0.9955317247542449,0.38680555555555557
M1,ST2,CNC,2025-01-05,B,480,202,1104,1101,0.42083333333333334,0.9108910891089109,0.9972826086956522,0.3822916666666667
M1,ST3,Robotics,2025-01-05,B,480,205,1097,1092,0.4270833333333333,0.891869918699187,0.9954421148587056,0.37916666666666665
M1,ST4,Assembly,2025-01-05,B,480,210,1106,1105,0.4375,0.8777777777777778,0.9990958408679927,0.3836805555555555
M1,ST5,Welding,2025-01-05,B,480,212,1115,1112,0.44166666666666665,0.8765723270440252,0.9973094170403587,0.3861111111111111
M1,ST6,Cooling_System,2025-01-05,B,480,212,1123,1121,0.44166666666666665,0.8828616352201258,0.9982190560997328,0.3892361111111111
M1,ST7,Inspection,2025-01-05,B,480,211,1131,1128,0.4395833333333333,0.8933649289099526,0.9973474801061007,0.39166666666666666
M1,ST8,Packaging,2025-01-05,B,480,211,1139,1135,0.4395833333333333,0.8996840442338072,0.9964881474978051,0.3940972222222222
M1,ST1,Robotics,2025-01-05,C,480,238,1311,1307,0.49583333333333335,0.9180672268907563,0.9969488939740656,0.45381944444444444
M1,ST2,CNC,2025-01-05,C,480,233,1318,1311,0.48541666666666666,0.9427753934191703,0.9946889226100152,0.4552083333333333
M1,ST3,Robotics,2025-01-05,C,480,233,1342,1337,0.48541666666666666,0.9599427753934192,0.996274217585693,0.4642361111111111
M1,ST4,Assembly,2025-01-05,C,480,234,1335,1330,0.4875,0.9508547008547008,0.9962546816479401,0.4618055555555555
M1,ST5,Welding,2025-01-05,C,480,241,1339,1334,0.5020833333333333,0.926002766251729,0.9962658700522778,0.46319444444444446
M1,ST6,Cooling_System,2025-01-05,C,480,244,1354,1349,0.5083333333333333,0.924863387978142,0.9963072378138847,0.4684027777777777
M1,ST7,Inspection,2025-01-05,C,480,249,1354,1353,0.51875,0.9062918340026773,0.9992614475627769,0.46979166666666666
M1,ST8,Packaging,2025-01-05,C,480,250,1354,1351,0.5208333333333334,0.9026666666666666,0.9977843426883308,0.4690972222222222
M1,ST1,Robotics,2025-01-06,A,480,231,1309,1303,0.48125,0.9444444444444444,0.9954163483575248,0.45243055555555556
M1,ST2,CNC,2025-01-06,A,480,236,1309,1306,0.49166666666666664,0.9244350282485876,0.9977081741787625,0.4534722222222222
M1,ST3,Robotics,2025-01-06,A,480,236,1309,1306,0.49166666666666664,0.9244350282485876,0.9977081741787625,0.4534722222222222
M1,ST4,Assembly,2025-01-06,A,480,238,1309,1308,0.49583333333333335,0.9166666666666666,0.9992360580595875,0.45416666666666666
M1,ST5,Welding,2025-01-06,A,480,243,1324,1322,0.50625,0.9080932784636488,0.9984894259818731,0.45902777777777776
M1,ST6,Cooling_System,2025-01-06,A,480,246,1339,1332,0.5125,0.9071815718157181,0.9947722180731889,0.46249999999999997
M1,ST7,Inspection,2025-01-06,A,480,231,1244,1234,0.48125,0.8975468975468975,0.9919614147909968,0.42847222222222225
M1,ST8,Packaging,2025-01-06,A,480,248,1354,1350,0.5166666666666667,0.9099462365591398,0.9970457902511078,0.46875000000000006
M1,ST1,Robotics,2025-01-06,B,480,180,1072,1071,0.375,0.9925925925925926,0.9990671641791045,0.371875
M1,ST2,CNC,2025-01-06,B,480,181,1072,1068,0.3770833333333333,0.9871086556169429,0.996268656716418,0.37083333333333335
M1,ST3,Robotics,2025-01-06,B,480,181,1072,1070,0.3770833333333333,0.9871086556169429,0.9981343283582089,0.3715277777777778
M1,ST4,Assembly,2025-01-06,B,480,183,1072,1062,0.38125,0.97632058287796,0.9906716417910447,0.36874999999999997
M1,ST5,Welding,2025-01-06,B,480,179,1057,1056,0.3729166666666667,0.984171322160149,0.9990539262062441,0.3666666666666667
M1,ST6,Cooling_System,2025-01-06,B,480,176,1042,1039,0.36666666666666664,0.9867424242424242,0.9971209213051824,0.36076388888888883
M1,ST7,Inspection,2025-01-06,B,480,156,928,921,0.325,0.9914529914529915,0.9924568965517241,0.3197916666666667
M1,ST8,Packaging,2025-01-06,B,480,173,1042,1038,0.36041666666666666,1.0,0.9961612284069098,0.3590331094049904
M1,ST1,Robotics,2025-01-06,C,480,210,1288,1284,0.4375,1.0,0.9968944099378882,0.4361413043478261
M1,ST2,CNC,2025-01-06,C,480,208,1273,1270,0.43333333333333335,1.0,0.997643362136685,0.43231212359256355
M1,ST3,Robotics,2025-01-06,C,480,207,1258,1254,0.43125,1.0,0.9968203497615262,0.4298787758346582
M1,ST4,Assembly,2025-01-06,C,480,205,1243,1238,0.4270833333333333,1.0,0.99597747385358,0.4253653794582998
M1,ST5,Welding,2025-01-06,C,480,201,1228,1222,0.41875,1.0,0.995114006514658,0.416703990228013
M1,ST6,Cooling_System,2025-01-06,C,480,200,1213,1206,0.4166666666666667,1.0,0.9942291838417148,0.41426215993404786
M1,ST7,Inspection,2025-01-06,C,480,196,1183,1177,0.4083333333333333,1.0,0.9949281487743026,0.4062623274161735
M1,ST8,Packaging,2025-01-06,C,480,194,1168,1164,0.4041666666666667,1.0,0.9965753424657534,0.40278253424657534
M1,ST1,Robotics,2025-01-07,A,480,202,1086,1080,0.42083333333333334,0.8960396039603961,0.994475138121547,0.375
M1,ST2,CNC,2025-01-07,A,480,200,1086,1078,0.4166666666666667,0.905,0.992633517495396,0.3743055555555556
M1,ST3,Robotics,2025-01-07,A,480,200,1086,1079,0.4166666666666667,0.905,0.9935543278084714,0.37465277777777783
M1,ST4,Assembly,2025-01-07,A,480,201,1101,1097,0.41875,0.9129353233830846,0.9963669391462306,0.3809027777777778
M1,ST5,Welding,2025-01-07,A,480,200,1103,1095,0.4166666666666667,0.9191666666666667,0.9927470534904805,0.38020833333333337
M1,ST6,Cooling_System,2025-01-07,A,480,196,1103,1100,0.4083333333333333,0.9379251700680272,0.9972801450589301,0.3819444444444444
M1,ST7,Inspection,2025-01-07,A,480,199,1103,1100,0.41458333333333336,0.923785594639866,0.9972801450589301,0.3819444444444445
M1,ST8,Packaging,2025-01-07,A,480,198,1103,1097,0.4125,0.9284511784511784,0.9945602901178604,0.38090277777777776
M1,ST1,Robotics,2025-01-07,B,480,174,1061,1057,0.3625,1.0,0.9962299717247879,0.3611333647502356
M1,ST2,CNC,2025-01-07,B,480,176,1066,1065,0.36666666666666664,1.0,0.99906191369606,0.3663227016885553
M1,ST3,Robotics,2025-01-07,B,480,177,1071,1066,0.36875,1.0,0.9953314659197012,0.36702847805788985
M1,ST4,Assembly,2025-01-07,B,480,177,1061,1055,0.36875,0.9990583804143126,0.9943449575871819,0.3663194444444445
M1,ST5,Welding,2025-01-07,B,480,177,1051,1043,0.36875,0.9896421845574388,0.9923882017126546,0.3621527777777778
M1,ST6,Cooling_System,2025-01-07,B,480,181,1051,1048,0.3770833333333333,0.9677716390423573,0.9971455756422455,0.3638888888888889
M1,ST7,Inspection,2025-01-07,B,480,184,1051,1049,0.38333333333333336,0.9519927536231884,0.9980970504281637,0.3642361111111111
M1,ST8,Packaging,2025-01-07,B,480,181,1051,1048,0.3770833333333333,0.9677716390423573,0.9971455756422455,0.3638888888888889
M1,ST1,Robotics,2025-01-07,C,480,163,977,977,0.33958333333333335,0.9989775051124744,1.0,0.3392361111111111
M1,ST2,CNC,2025-01-07,C,480,168,986,983,0.35,0.9781746031746031,0.9969574036511156,0.3413194444444444
M1,ST3,Robotics,2025-01-07,C,480,168,996,995,0.35,0.9880952380952381,0.998995983935743,0.3454861111111111
M1,ST4,Assembly,2025-01-07,C,480,168,1005,1000,0.35,0.9970238095238095,0.9950248756218906,0.3472222222222222
M1,ST5,Welding,2025-01-07,C,480,173,1028,1023,0.36041666666666666,0.9903660886319846,0.995136186770428,0.35520833333333335
M1,ST6,Cooling_System,2025-01-07,C,480,176,1038,1034,0.36666666666666664,0.9829545454545454,0.9961464354527938,0.3590277777777777
M1,ST7,Inspection,2025-01-07,C,480,181,1043,1040,0.3770833333333333,0.9604051565377533,0.99712368168744,0.3611111111111111
M1,ST8,Packaging,2025-01-07,C,480,184,1048,1046,0.38333333333333336,0.9492753623188406,0.9980916030534351,0.3631944444444445
M1,ST1,Robotics,2025-01-08,A,480,205,1112,1108,0.4270833333333333,0.9040650406504065,0.9964028776978417,0.3847222222222222
M1,ST2,CNC,2025-01-08,A,480,203,1105,1098,0.42291666666666666,0.9072249589490968,0.9936651583710407,0.38125
M1,ST3,Robotics,2025-01-08,A,480,200,1104,1100,0.4166666666666667,0.92,0.9963768115942029,0.3819444444444445
M1,ST4,Assembly,2025-01-08,A,480,198,1104,1097,0.4125,0.9292929292929293,0.9936594202898551,0.38090277777777776
M1,ST5,Welding,2025-01-08,A,480,201,1103,1098,0.41875,0.9145936981757877,0.9954669084315503,0.38125000000000003
M1,ST6,Cooling_System,2025-01-08,A,480,196,1102,1101,0.4083333333333333,0.9370748299319728,0.9990925589836661,0.38229166666666664
M1,ST7,Inspection,2025-01-08,A,480,196,1092,1087,0.4083333333333333,0.9285714285714286,0.9954212454212454,0.37743055555555555
M1,ST8,Packaging,2025-01-08,A,480,195,1092,1089,0.40625,0.9333333333333333,0.9972527472527473,0.378125
M1,ST1,Robotics,2025-01-08,B,480,188,1052,1050,0.39166666666666666,0.9326241134751773,0.9980988593155894,0.3645833333333333
M1,ST2,CNC,2025-01-08,B,480,190,1059,1055,0.3958333333333333,0.9289473684210526,0.996222851746931,0.3663194444444444
M1,ST3,Robotics,2025-01-08,B,480,192,1060,1058,0.4,0.9201388888888888,0.9981132075471698,0.36736111111111114
M1,ST4,Assembly,2025-01-08,B,480,199,1060,1052,0.41458333333333336,0.8877721943048577,0.9924528301886792,0.3652777777777778
M1,ST5,Welding,2025-01-08,B,480,197,1061,1055,0.41041666666666665,0.8976311336717429,0.9943449575871819,0.3663194444444445
M1,ST6,Cooling_System,2025-01-08,B,480,203,1062,1056,0.42291666666666666,0.8719211822660099,0.9943502824858758,0.3666666666666667
M1,ST7,Inspection,2025-01-08,B,480,183,953,946,0.38125,0.8679417122040073,0.9926547743966422,0.3284722222222222
M1,ST8,Packaging,2025-01-08,B,480,204,1072,1066,0.425,0.8758169934640523,0.9944029850746269,0.3701388888888889
M1,ST1,Robotics,2025-01-08,C,480,165,1014,1011,0.34375,1.0,0.9970414201183432,0.3427329881656805
M1,ST2,CNC,2025-01-08,C,480,164,1000,1000,0.3416666666666667,1.0,1.0,0.3416666666666667
M1,ST3,Robotics,2025-01-08,C,480,166,985,983,0.3458333333333333,0.9889558232931727,0.9979695431472081,0.34131944444444445
M1,ST4,Assembly,2025-01-08,C,480,170,986,978,0.3541666666666667,0.9666666666666667,0.9918864097363083,0.3395833333333333
M1,ST5,Welding,2025-01-08,C,480,170,986,986,0.3541666666666667,0.9666666666666667,1.0,0.3423611111111111
M1,ST6,Cooling_System,2025-01-08,C,480,173,991,988,0.36041666666666666,0.9547206165703276,0.9969727547931383,0.34305555555555556
M1,ST7,Inspection,2025-01-08,C,480,177,1001,997,0.36875,0.9425612052730696,0.996003996003996,0.34618055555555555
M1,ST8,Packaging,2025-01-08,C,480,177,1011,1006,0.36875,0.9519774011299436,0.9950544015825915,0.3493055555555556
M1,ST1,Robotics,2025-01-09,A,480,191,1098,1095,0.39791666666666664,0.9581151832460733,0.9972677595628415,0.3802083333333333
M1,ST2,CNC,2025-01-09,A,480,189,1097,1089,0.39375,0.9673721340388007,0.9927073837739289,0.378125
M1,ST3,Robotics,2025-01-09,A,480,189,1097,1094,0.39375,0.9673721340388007,0.9972652689152234,0.3798611111111111
M1,ST4,Assembly,2025-01-09,A,480,193,1112,1107,0.40208333333333335,0.9602763385146805,0.9955035971223022,0.384375
M1,ST5,Welding,2025-01-09,A,480,197,1127,1122,0.41041666666666665,0.9534686971235194,0.9955634427684117,0.38958333333333334
M1,ST6,Cooling_System,2025-01-09,A,480,201,1142,1138,0.41875,0.9469320066334992,0.9964973730297724,0.39513888888888893
M1,ST7,Inspection,2025-01-09,A,480,204,1157,1151,0.425,0.9452614379084967,0.9948141745894555,0.39965277777777775
M1,ST8,Packaging,2025-01-09,A,480,205,1172,1168,0.4270833333333333,0.9528455284552846,0.9965870307167235,0.40555555555555556
M1,ST1,Robotics,2025-01-09,B,480,149,847,845,0.3104166666666667,0.9474272930648769,0.9976387249114522,0.2934027777777778
M1,ST2,CNC,2025-01-09,B,480,150,847,843,0.3125,0.9411111111111111,0.9952774498229043,0.29270833333333335
M1,ST3,Robotics,2025-01-09,B,480,149,847,846,0.3104166666666667,0.9474272930648769,0.9988193624557261,0.29375
M1,ST4,Assembly,2025-01-09,B,480,149,847,845,0.3104166666666667,0.9474272930648769,0.9976387249114522,0.2934027777777778
M1,ST5,Welding,2025-01-09,B,480,152,847,842,0.31666666666666665,0.9287280701754386,0.9940968122786304,0.29236111111111107
M1,ST6,Cooling_System,2025-01-09,B,480,154,847,844,0.32083333333333336,0.9166666666666666,0.9964580873671782,0.29305555555555557
M1,ST7,Inspection,2025-01-09,B,480,157,847,844,0.32708333333333334,0.8991507430997877,0.9964580873671782,0.29305555555555557
M1,ST8,Packaging,2025-01-09,B,480,158,847,845,0.32916666666666666,0.8934599156118144,0.9976387249114522,0.2934027777777778
M1,ST1,Robotics,2025-01-09,C,480,178,974,972,0.37083333333333335,0.9119850187265918,0.997946611909651,0.3375
M1,ST2,CNC,2025-01-09,C,480,182,982,976,0.37916666666666665,0.8992673992673993,0.9938900203665988,0.3388888888888889
M1,ST3,Robotics,2025-01-09,C,480,185,996,992,0.3854166666666667,0.8972972972972973,0.9959839357429718,0.3444444444444445
M1,ST4,Assembly,2025-01-09,C,480,184,981,974,0.38333333333333336,0.8885869565217391,0.9928644240570846,0.33819444444444446
M1,ST5,Welding,2025-01-09,C,480,181,965,961,0.3770833333333333,0.8885819521178637,0.9958549222797928,0.33368055555555554
M1,ST6,Cooling_System,2025-01-09,C,480,180,949,947,0.375,0.8787037037037037,0.9978925184404637,0.32881944444444444
M1,ST7,Inspection,2025-01-09,C,480,180,927,925,0.375,0.8583333333333333,0.9978425026968716,0.3211805555555555
M1,ST8,Packaging,2025-01-09,C,480,176,912,909,0.36666666666666664,0.8636363636363636,0.9967105263157895,0.315625
M1,ST1,Robotics,2025-01-10,A,480,191,1115,1111,0.39791666666666664,0.9729493891797557,0.9964125560538116,0.3857638888888889
M1,ST2,CNC,2025-01-10,A,480,194,1125,1124,0.4041666666666667,0.9664948453608248,0.9991111111111111,0.3902777777777778
M1,ST3,Robotics,2025-01-10,A,480,196,1125,1123,0.4083333333333333,0.9566326530612245,0.9982222222222222,0.38993055555555556
M1,ST4,Assembly,2025-01-10,A,480,195,1125,1123,0.40625,0.9615384615384616,0.9982222222222222,0.38993055555555556
M1,ST5,Welding,2025-01-10,A,480,195,1125,1119,0.40625,0.9615384615384616,0.9946666666666667,0.3885416666666667
M1,ST6,Cooling_System,2025-01-10,A,480,200,1125,1118,0.4166666666666667,0.9375,0.9937777777777778,0.38819444444444445
M1,ST7,Inspection,2025-01-10,A,480,196,1135,1131,0.4083333333333333,0.9651360544217688,0.9964757709251101,0.3927083333333333
M1,ST8,Packaging,2025-01-10,A,480,193,1145,1140,0.40208333333333335,0.9887737478411054,0.9956331877729258,0.39583333333333337
M1,ST1,Robotics,2025-01-10,B,480,191,1084,1080,0.39791666666666664,0.9458987783595113,0.996309963099631,0.37499999999999994
M1,ST2,CNC,2025-01-10,B,480,188,1069,1066,0.39166666666666666,0.9476950354609929,0.9971936389148737,0.37013888888888885
M1,ST3,Robotics,2025-01-10,B,480,186,1054,1049,0.3875,0.9444444444444444,0.9952561669829222,0.3642361111111111
M1,ST4,Assembly,2025-01-10,B,480,191,1054,1049,0.39791666666666664,0.9197207678883071,0.9952561669829222,0.3642361111111111
M1,ST5,Welding,2025-01-10,B,480,192,1054,1047,0.4,0.9149305555555556,0.9933586337760911,0.3635416666666667
M1,ST6,Cooling_System,2025-01-10,B,480,190,1054,1051,0.3958333333333333,0.9245614035087719,0.9971537001897534,0.36493055555555554
M1,ST7,Inspection,2025-01-10,B,480,192,1054,1044,0.4,0.9149305555555556,0.9905123339658444,0.36250000000000004
M1,ST8,Packaging,2025-01-10,B,480,194,1054,1052,0.4041666666666667,0.9054982817869416,0.9981024667931688,0.3652777777777778
M1,ST1,Robotics,2025-01-10,C,480,219,1254,1250,0.45625,0.954337899543379,0.9968102073365231,0.4340277777777778
M1,ST2,CNC,2025-01-10,C,480,224,1252,1245,0.4666666666666667,0.9315476190476191,0.994408945686901,0.4322916666666667
M1,ST3,Robotics,2025-01-10,C,480,221,1253,1251,0.46041666666666664,0.944947209653092,0.9984038308060654,0.43437499999999996
M1,ST4,Assembly,2025-01-10,C,480,223,1238,1231,0.46458333333333335,0.9252615844544095,0.994345718901454,0.4274305555555556
M1,ST5,Welding,2025-01-10,C,480,224,1239,1237,0.4666666666666667,0.921875,0.9983857949959645,0.4295138888888889
M1,ST6,Cooling_System,2025-01-10,C,480,227,1240,1234,0.47291666666666665,0.9104258443465492,0.9951612903225806,0.4284722222222222
M1,ST7,Inspection,2025-01-10,C,480,227,1237,1232,0.47291666666666665,0.908223201174743,0.9959579628132579,0.42777777777777776
M1,ST8,Packaging,2025-01-10,C,480,228,1227,1223,0.475,0.8969298245614035,0.9967400162999185,0.42465277777777777
M1,ST1,Robotics,2025-01-11,A,480,222,1289,1281,0.4625,0.9677177177177178,0.9937936384794415,0.4447916666666667
M1,ST2,CNC,2025-01-11,A,480,222,1275,1271,0.4625,0.9572072072072072,0.9968627450980392,0.4413194444444445
M1,ST3,Robotics,2025-01-11,A,480,227,1275,1269,0.47291666666666665,0.9361233480176211,0.9952941176470588,0.44062499999999993
M1,ST4,Assembly,2025-01-11,A,480,228,1275,1269,0.475,0.9320175438596491,0.9952941176470588,0.44062499999999993
M1,ST5,Welding,2025-01-11,A,480,225,1275,1271,0.46875,0.9444444444444444,0.9968627450980392,0.44131944444444443
M1,ST6,Cooling_System,2025-01-11,A,480,218,1275,1270,0.45416666666666666,0.9747706422018348,0.996078431372549,0.4409722222222222
M1,ST7,Inspection,2025-01-11,A,480,201,1149,1147,0.41875,0.9527363184079602,0.9982593559617058,0.3982638888888889
M1,ST8,Packaging,2025-01-11,A,480,227,1275,1272,0.47291666666666665,0.9361233480176211,0.9976470588235294,0.44166666666666665
M1,ST1,Robotics,2025-01-11,B,480,256,1483,1478,0.5333333333333333,0.9654947916666666,0.9966284558327714,0.5131944444444444
M1,ST2,CNC,2025-01-11,B,480,259,1489,1483,0.5395833333333333,0.9581724581724582,0.9959704499664204,0.5149305555555556
M1,ST3,Robotics,2025-01-11,B,480,258,1481,1480,0.5375,0.9567183462532299,0.9993247805536799,0.5138888888888888
M1,ST4,Assembly,2025-01-11,B,480,257,1470,1468,0.5354166666666667,0.953307392996109,0.998639455782313,0.5097222222222222
M1,ST5,Welding,2025-01-11,B,480,254,1455,1451,0.5291666666666667,0.9547244094488189,0.9972508591065292,0.5038194444444445
M1,ST6,Cooling_System,2025-01-11,B,480,257,1440,1434,0.5354166666666667,0.933852140077821,0.9958333333333333,0.4979166666666667
M1,ST7,Inspection,2025-01-11,B,480,261,1440,1435,0.54375,0.9195402298850575,0.9965277777777778,0.49826388888888884
M1,ST8,Packaging,2025-01-11,B,480,260,1440,1433,0.5416666666666666,0.9230769230769231,0.9951388888888889,0.49756944444444445
M1,ST1,Robotics,2025-01-11,C,480,154,904,901,0.32083333333333336,0.9783549783549783,0.9966814159292036,0.3128472222222222
M1,ST2,CNC,2025-01-11,C,480,159,917,914,0.33125,0.9612159329140462,0.9967284623773174,0.3173611111111111
M1,ST3,Robotics,2025-01-11,C,480,163,930,928,0.33958333333333335,0.950920245398773,0.9978494623655914,0.32222222222222224
M1,ST4,Assembly,2025-01-11,C,480,164,946,943,0.3416666666666667,0.9613821138211383,0.9968287526427061,0.32743055555555556
M1,ST5,Welding,2025-01-11,C,480,161,949,946,0.33541666666666664,0.9824016563146998,0.9968387776606955,0.3284722222222222
M1,ST6,Cooling_System,2025-01-11,C,480,163,964,959,0.33958333333333335,0.9856850715746421,0.9948132780082988,0.33298611111111115
M1,ST7,Inspection,2025-01-11,C,480,162,953,949,0.3375,0.9804526748971193,0.9958027282266527,0.3295138888888889
M1,ST8,Packaging,2025-01-11,C,480,168,943,943,0.35,0.935515873015873,1.0,0.32743055555555556
M1,ST1,Robotics,2025-01-12,A,480,185,1079,1076,0.3854166666666667,0.972072072072072,0.9972196478220574,0.3736111111111111
M1,ST2,CNC,2025-01-12,A,480,188,1094,1091,0.39166666666666666,0.9698581560283688,0.9972577696526508,0.37881944444444443
M1,ST3,Robotics,2025-01-12,A,480,184,1094,1087,0.38333333333333336,0.9909420289855072,0.993601462522852,0.37743055555555555
M1,ST4,Assembly,2025-01-12,A,480,182,1085,1081,0.37916666666666665,0.9935897435897436,0.9963133640552996,0.3753472222222222
M1,ST5,Welding,2025-01-12,A,480,183,1095,1089,0.38125,0.9972677595628415,0.9945205479452055,0.378125
M1,ST6,Cooling_System,2025-01-12,A,480,186,1095,1092,0.3875,0.9811827956989247,0.9972602739726028,0.3791666666666667
M1,ST7,Inspection,2025-01-12,A,480,186,1096,1092,0.3875,0.982078853046595,0.9963503649635036,0.3791666666666667
M1,ST8,Packaging,2025-01-12,A,480,187,1081,1079,0.38958333333333334,0.9634581105169341,0.9981498612395929,0.3746527777777778
M1,ST1,Robotics,2025-01-12,B,480,257,1459,1454,0.5354166666666667,0.9461738002594033,0.9965729952021933,0.5048611111111111
M1,ST2,CNC,2025-01-12,B,480,258,1458,1454,0.5375,0.9418604651162791,0.9972565157750343,0.5048611111111111
M1,ST3,Robotics,2025-01-12,B,480,260,1457,1451,0.5416666666666666,0.933974358974359,0.9958819492107069,0.5038194444444444
M1,ST4,Assembly,2025-01-12,B,480,261,1468,1465,0.54375,0.9374201787994891,0.9979564032697548,0.5086805555555555
M1,ST5,Welding,2025-01-12,B,480,258,1457,1454,0.5375,0.9412144702842378,0.9979409746053535,0.5048611111111111
M1,ST6,Cooling_System,2025-01-12,B,480,258,1442,1433,0.5375,0.9315245478036176,0.9937586685159501,0.49756944444444445
M1,ST7,Inspection,2025-01-12,B,480,259,1427,1422,0.5395833333333333,0.9182754182754183,0.9964961457603364,0.49374999999999997
M1,ST8,Packaging,2025-01-12,B,480,262,1442,1439,0.5458333333333333,0.9173027989821882,0.9979195561719834,0.49965277777777767
M1,ST1,Robotics,2025-01-12,C,480,249,1463,1456,0.51875,0.9792503346720214,0.9952153110047847,0.5055555555555555
M1,ST2,CNC,2025-01-12,C,480,252,1449,1445,0.525,0.9583333333333334,0.9972394755003451,0.5017361111111112
M1,ST3,Robotics,2025-01-12,C,480,249,1450,1447,0.51875,0.9705488621151271,0.9979310344827587,0.5024305555555556
M1,ST4,Assembly,2025-01-12,C,480,254,1456,1449,0.5291666666666667,0.9553805774278216,0.9951923076923077,0.503125
M1,ST5,Welding,2025-01-12,C,480,255,1469,1461,0.53125,0.9601307189542484,0.9945541184479237,0.5072916666666667
M1,ST6,Cooling_System,2025-01-12,C,480,258,1484,1478,0.5375,0.958656330749354,0.9959568733153639,0.5131944444444444
M1,ST7,Inspection,2025-01-12,C,480,260,1509,1503,0.5416666666666666,0.9673076923076923,0.9960238568588469,0.521875
M1,ST8,Packaging,2025-01-12,C,480,261,1519,1513,0.54375,0.9699872286079183,0.9960500329163924,0.5253472222222222
M1,ST1,Robotics,2025-01-13,A,480,157,878,873,0.32708333333333334,0.9320594479830149,0.9943052391799544,0.30312500000000003
M1,ST2,CNC,2025-01-13,A,480,153,877,874,0.31875,0.9553376906318083,0.9965792474344356,0.3034722222222222
M1,ST3,Robotics,2025-01-13,A,480,149,877,875,0.3104166666666667,0.9809843400447428,0.9977194982896237,0.3038194444444445
M1,ST4,Assembly,2025-01-13,A,480,149,870,867,0.3104166666666667,0.9731543624161074,0.996551724137931,0.3010416666666667
M1,ST5,Welding,2025-01-13,A,480,145,862,859,0.3020833333333333,0.9908045977011494,0.9965197215777262,0.2982638888888889
M1,ST6,Cooling_System,2025-01-13,A,480,147,855,848,0.30625,0.9693877551020408,0.991812865497076,0.29444444444444445
M1,ST7,Inspection,2025-01-13,A,480,148,855,851,0.30833333333333335,0.9628378378378378,0.9953216374269006,0.2954861111111111
M1,ST8,Packaging,2025-01-13,A,480,147,854,851,0.30625,0.9682539682539683,0.9964871194379391,0.2954861111111111
M1,ST1,Robotics,2025-01-13,B,480,217,1237,1234,0.45208333333333334,0.9500768049155146,0.9975747776879548,0.42847222222222225
M1,ST2,CNC,2025-01-13,B,480,215,1237,1235,0.4479166666666667,0.9589147286821705,0.9983831851253031,0.4288194444444445
M1,ST3,Robotics,2025-01-13,B,480,216,1238,1231,0.45,0.9552469135802469,0.994345718901454,0.4274305555555556
M1,ST4,Assembly,2025-01-13,B,480,214,1238,1235,0.44583333333333336,0.9641744548286605,0.9975767366720517,0.4288194444444445
M1,ST5,Welding,2025-01-13,B,480,211,1237,1230,0.4395833333333333,0.9770932069510269,0.994341147938561,0.42708333333333326
M1,ST6,Cooling_System,2025-01-13,B,480,210,1238,1235,0.4375,0.9825396825396825,0.9975767366720517,0.4288194444444444
M1,ST7,Inspection,2025-01-13,B,480,210,1230,1223,0.4375,0.9761904761904762,0.9943089430894309,0.42465277777777777
M1,ST8,Packaging,2025-01-13,B,480,206,1231,1225,0.42916666666666664,0.9959546925566343,0.9951259138911455,0.4253472222222222
M1,ST1,Robotics,2025-01-13,C,480,239,1301,1297,0.4979166666666667,0.907252440725244,0.9969254419677172,0.45034722222222223
M1,ST2,CNC,2025-01-13,C,480,241,1301,1297,0.5020833333333333,0.8997233748271093,0.9969254419677172,0.45034722222222223
M1,ST3,Robotics,2025-01-13,C,480,242,1305,1299,0.5041666666666667,0.8987603305785123,0.9954022988505747,0.4510416666666666
M1,ST4,Assembly,2025-01-13,C,480,244,1304,1301,0.5083333333333333,0.8907103825136612,0.9976993865030674,0.45173611111111106
M1,ST5,Welding,2025-01-13,C,480,242,1313,1310,0.5041666666666667,0.9042699724517906,0.9977151561309977,0.4548611111111111
M1,ST6,Cooling_System,2025-01-13,C,480,239,1319,1314,0.4979166666666667,0.9198047419804742,0.9962092494313874,0.45625000000000004
M1,ST7,Inspection,2025-01-13,C,480,238,1327,1321,0.49583333333333335,0.9292717086834734,0.9954785229841748,0.4586805555555556
M1,ST8,Packaging,2025-01-13,C,480,236,1327,1324,0.49166666666666664,0.9371468926553672,0.9977392614920875,0.4597222222222222
M1,ST1,Robotics,2025-01-14,A,480,204,1210,1206,0.425,0.988562091503268,0.996694214876033,0.41875
M1,ST2,CNC,2025-01-14,A,480,201,1195,1193,0.41875,0.9908789386401327,0.998326359832636,0.41423611111111114
M1,ST3,Robotics,2025-01-14,A,480,202,1195,1191,0.42083333333333334,0.985973597359736,0.9966527196652719,0.4135416666666667
M1,ST4,Assembly,2025-01-14,A,480,201,1195,1191,0.41875,0.9908789386401327,0.9966527196652719,0.4135416666666667
M1,ST5,Welding,2025-01-14,A,480,198,1195,1190,0.4125,1.0,0.99581589958159,0.41077405857740584
M1,ST6,Cooling_System,2025-01-14,A,480,201,1195,1193,0.41875,0.9908789386401327,0.998326359832636,0.41423611111111114
M1,ST7,Inspection,2025-01-14,A,480,208,1195,1192,0.43333333333333335,0.9575320512820513,0.9974895397489539,0.4138888888888889
M1,ST8,Packaging,2025-01-14,A,480,211,1195,1191,0.4395833333333333,0.9439178515007899,0.9966527196652719,0.41354166666666664
M1,ST1,Robotics,2025-01-14,B,480,219,1284,1280,0.45625,0.9771689497716894,0.9968847352024922,0.4444444444444444
M1,ST2,CNC,2025-01-14,B,480,225,1291,1289,0.46875,0.9562962962962963,0.9984508133230054,0.44756944444444446
M1,ST3,Robotics,2025-01-14,B,480,225,1283,1278,0.46875,0.9503703703703704,0.9961028838659393,0.44375000000000003
M1,ST4,Assembly,2025-01-14,B,480,222,1277,1271,0.4625,0.9587087087087087,0.995301487862177,0.4413194444444445
M1,ST5,Welding,2025-01-14,B,480,222,1269,1265,0.4625,0.9527027027027027,0.9968479117415288,0.43923611111111116
M1,ST6,Cooling_System,2025-01-14,B,480,219,1260,1251,0.45625,0.958904109589041,0.9928571428571429,0.43437499999999996
M1,ST7,Inspection,2025-01-14,B,480,220,1253,1248,0.4583333333333333,0.9492424242424242,0.9960095770151636,0.4333333333333333
M1,ST8,Packaging,2025-01-14,B,480,220,1245,1237,0.4583333333333333,0.9431818181818182,0.993574297188755,0.4295138888888889
M1,ST1,Robotics,2025-01-14,C,480,150,870,866,0.3125,0.9666666666666667,0.9954022988505747,0.30069444444444443
M1,ST2,CNC,2025-01-14,C,480,150,874,869,0.3125,0.9711111111111111,0.994279176201373,0.30173611111111115
M1,ST3,Robotics,2025-01-14,C,480,149,887,882,0.3104166666666667,0.9921700223713646,0.9943630214205186,0.30625
M1,ST4,Assembly,2025-01-14,C,480,152,903,901,0.31666666666666665,0.9901315789473685,0.9977851605758582,0.3128472222222222
M1,ST5,Welding,2025-01-14,C,480,151,911,908,0.3145833333333333,1.0,0.9967069154774972,0.313547383827296
M1,ST6,Cooling_System,2025-01-14,C,480,158,920,920,0.32916666666666666,0.9704641350210971,1.0,0.3194444444444445
M1,ST7,Inspection,2025-01-14,C,480,158,927,922,0.32916666666666666,0.9778481012658228,0.9946062567421791,0.32013888888888886
M1,ST8,Packaging,2025-01-14,C,480,159,935,930,0.33125,0.980083857442348,0.9946524064171123,0.3229166666666667
M1,ST1,Robotics,2025-01-15,A,480,239,1293,1286,0.4979166666666667,0.9016736401673641,0.9945862335653519,0.4465277777777778
M1,ST2,CNC,2025-01-15,A,480,242,1293,1287,0.5041666666666667,0.890495867768595,0.9953596287703016,0.44687499999999997
M1,ST3,Robotics,2025-01-15,A,480,240,1293,1290,0.5,0.8979166666666667,0.9976798143851509,0.4479166666666667
M1,ST4,Assembly,2025-01-15,A,480,244,1299,1290,0.5083333333333333,0.8872950819672131,0.9930715935334873,0.44791666666666663
M1,ST5,Welding,2025-01-15,A,480,241,1291,1288,0.5020833333333333,0.892807745504841,0.9976762199845082,0.44722222222222224
M1,ST6,Cooling_System,2025-01-15,A,480,239,1291,1286,0.4979166666666667,0.900278940027894,0.9961270333075135,0.4465277777777778
M1,ST7,Inspection,2025-01-15,A,480,236,1291,1282,0.49166666666666664,0.911723163841808,0.9930286599535244,0.4451388888888889
M1,ST8,Packaging,2025-01-15,A,480,234,1291,1284,0.4875,0.9195156695156695,0.994577846630519,0.44583333333333336
M1,ST1,Robotics,2025-01-15,B,480,193,1050,1047,0.40208333333333335,0.9067357512953368,0.9971428571428571,0.3635416666666667
M1,ST2,CNC,2025-01-15,B,480,192,1063,1055,0.4,0.9227430555555556,0.9924741298212606,0.3663194444444445
M1,ST3,Robotics,2025-01-15,B,480,188,1077,1073,0.39166666666666666,0.9547872340425532,0.9962859795728877,0.37256944444444445
M1,ST4,Assembly,2025-01-15,B,480,188,1086,1082,0.39166666666666666,0.9627659574468085,0.996316758747698,0.37569444444444444
M1,ST5,Welding,2025-01-15,B,480,188,1093,1088,0.39166666666666666,0.9689716312056738,0.9954254345837146,0.37777777777777777
M1,ST6,Cooling_System,2025-01-15,B,480,184,1093,1091,0.38333333333333336,0.990036231884058,0.9981701738334858,0.3788194444444445
M1,ST7,Inspection,2025-01-15,B,480,187,1093,1089,0.38958333333333334,0.9741532976827094,0.9963403476669717,0.378125
M1,ST8,Packaging,2025-01-15,B,480,187,1092,1090,0.38958333333333334,0.9732620320855615,0.9981684981684982,0.3784722222222222
M1,ST1,Robotics,2025-01-15,C,480,203,1119,1115,0.42291666666666666,0.9187192118226601,0.9964253798033958,0.3871527777777778
M1,ST2,CNC,2025-01-15,C,480,199,1106,1100,0.41458333333333336,0.9262981574539364,0.9945750452079566,0.3819444444444445
M1,ST3,Robotics,2025-01-15,C,480,189,1077,1072,0.39375,0.9497354497354498,0.9953574744661096,0.37222222222222223
M1,ST4,Assembly,2025-01-15,C,480,187,1062,1058,0.38958333333333334,0.946524064171123,0.9962335216572504,0.36736111111111114
M1,ST5,Welding,2025-01-15,C,480,190,1063,1061,0.3958333333333333,0.9324561403508772,0.9981185324553151,0.36840277777777775
M1,ST6,Cooling_System,2025-01-15,C,480,189,1063,1062,0.39375,0.937389770723104,0.9990592662276576,0.36874999999999997
M1,ST7,Inspection,2025-01-15,C,480,187,1063,1057,0.38958333333333334,0.9474153297682709,0.9943555973659455,0.3670138888888889
M1,ST8,Packaging,2025-01-15,C,480,186,1064,1058,0.3875,0.953405017921147,0.9943609022556391,0.36736111111111114
M1,ST1,Robotics,2025-01-16,A,480,166,900,897,0.3458333333333333,0.9036144578313253,0.9966666666666667,0.31145833333333334
M1,ST2,CNC,2025-01-16,A,480,167,908,908,0.34791666666666665,0.906187624750499,1.0,0.31527777777777777
M1,ST3,Robotics,2025-01-16,A,480,168,915,912,0.35,0.9077380952380952,0.9967213114754099,0.31666666666666665
M1,ST4,Assembly,2025-01-16,A,480,169,922,917,0.35208333333333336,0.9092702169625246,0.9945770065075922,0.3184027777777778
M1,ST5,Welding,2025-01-16,A,480,168,929,927,0.35,0.9216269841269841,0.9978471474703983,0.32187499999999997
M1,ST6,Cooling_System,2025-01-16,A,480,172,943,941,0.35833333333333334,0.9137596899224806,0.9978791092258749,0.3267361111111111
M1,ST7,Inspection,2025-01-16,A,480,168,943,938,0.35,0.935515873015873,0.9946977730646872,0.32569444444444445
M1,ST8,Packaging,2025-01-16,A,480,163,942,939,0.33958333333333335,0.9631901840490797,0.9968152866242038,0.3260416666666667
M1,ST1,Robotics,2025-01-16,B,480,171,956,950,0.35625,0.9317738791423001,0.9937238493723849,0.3298611111111111
M1,ST2,CNC,2025-01-16,B,480,170,953,949,0.3541666666666667,0.9343137254901961,0.9958027282266527,0.32951388888888894
M1,ST3,Robotics,2025-01-16,B,480,168,952,949,0.35,0.9444444444444444,0.9968487394957983,0.3295138888888889
M1,ST4,Assembly,2025-01-16,B,480,162,950,945,0.3375,0.977366255144033,0.9947368421052631,0.32812500000000006
M1,ST5,Welding,2025-01-16,B,480,161,949,947,0.33541666666666664,0.9824016563146998,0.9978925184404637,0.32881944444444444
M1,ST6,Cooling_System,2025-01-16,B,480,160,948,944,0.3333333333333333,0.9875,0.9957805907172996,0.3277777777777778
M1,ST7,Inspection,2025-01-16,B,480,161,948,943,0.33541666666666664,0.9813664596273292,0.9947257383966245,0.3274305555555555
M1,ST8,Packaging,2025-01-16,B,480,160,948,948,0.3333333333333333,0.9875,1.0,0.32916666666666666
M1,ST1,Robotics,2025-01-16,C,480,177,1080,1077,0.36875,1.0,0.9972222222222222,0.3677256944444445
M1,ST2,CNC,2025-01-16,C,480,177,1075,1070,0.36875,1.0,0.9953488372093023,0.36703488372093024
M1,ST3,Robotics,2025-01-16,C,480,179,1069,1067,0.3729166666666667,0.9953445065176909,0.9981290926099158,0.3704861111111111
M1,ST4,Assembly,2025-01-16,C,480,184,1064,1062,0.38333333333333336,0.9637681159420289,0.9981203007518797,0.36875
M1,ST5,Welding,2025-01-16,C,480,178,1058,1054,0.37083333333333335,0.9906367041198502,0.996219281663516,0.36597222222222225
M1,ST6,Cooling_System,2025-01-16,C,480,174,1045,1043,0.3625,1.0,0.9980861244019139,0.3618062200956938
M1,ST7,Inspection,2025-01-16,C,480,175,1045,1041,0.3645833333333333,0.9952380952380953,0.9961722488038277,0.3614583333333333
M1,ST8,Packaging,2025-01-16,C,480,176,1046,1044,0.36666666666666664,0.990530303030303,0.9980879541108987,0.36249999999999993
M1,ST1,Robotics,2025-01-17,A,480,227,1218,1210,0.47291666666666665,0.8942731277533039,0.993431855500821,0.42013888888888884
M1,ST2,CNC,2025-01-17,A,480,228,1228,1224,0.475,0.8976608187134503,0.996742671009772,0.425
M1,ST3,Robotics,2025-01-17,A,480,231,1238,1235,0.48125,0.8932178932178932,0.9975767366720517,0.4288194444444445
M1,ST4,Assembly,2025-01-17,A,480,236,1249,1244,0.49166666666666664,0.8820621468926554,0.9959967974379503,0.43194444444444446
M1,ST5,Welding,2025-01-17,A,480,237,1251,1245,0.49375,0.879746835443038,0.9952038369304557,0.4322916666666667
M1,ST6,Cooling_System,2025-01-17,A,480,236,1246,1242,0.49166666666666664,0.8799435028248588,0.9967897271268058,0.43124999999999997
M1,ST7,Inspection,2025-01-17,A,480,231,1231,1226,0.48125,0.8881673881673882,0.9959382615759546,0.42569444444444443
M1,ST8,Packaging,2025-01-17,A,480,231,1241,1238,0.48125,0.8953823953823954,0.9975825946817083,0.42986111111111114
M1,ST1,Robotics,2025-01-17,B,480,249,1513,1509,0.51875,1.0,0.9973562458691342,0.5173785525446134
M1,ST2,CNC,2025-01-17,B,480,247,1498,1493,0.5145833333333333,1.0,0.9966622162883845,0.5128657654650645
M1,ST3,Robotics,2025-01-17,B,480,244,1483,1478,0.5083333333333333,1.0,0.9966284558327714,0.5066194650483254
M1,ST4,Assembly,2025-01-17,B,480,242,1468,1466,0.5041666666666667,1.0,0.9986376021798365,0.5034797910990009
M1,ST5,Welding,2025-01-17,B,480,246,1461,1456,0.5125,0.9898373983739838,0.9965776865160849,0.5055555555555555
M1,ST6,Cooling_System,2025-01-17,B,480,246,1461,1457,0.5125,0.9898373983739838,0.9972621492128679,0.5059027777777777
M1,ST7,Inspection,2025-01-17,B,480,251,1476,1473,0.5229166666666667,0.9800796812749004,0.9979674796747967,0.5114583333333333
M1,ST8,Packaging,2025-01-17,B,480,251,1476,1469,0.5229166666666667,0.9800796812749004,0.9952574525745257,0.5100694444444445
M1,ST1,Robotics,2025-01-17,C,480,178,1051,1047,0.37083333333333335,0.9840823970037453,0.9961941008563273,0.3635416666666667
M1,ST2,CNC,2025-01-17,C,480,179,1056,1053,0.3729166666666667,0.9832402234636871,0.9971590909090909,0.365625
M1,ST3,Robotics,2025-01-17,C,480,180,1067,1065,0.375,0.9879629629629629,0.9981255857544518,0.36979166666666663
M1,ST4,Assembly,2025-01-17,C,480,179,1062,1060,0.3729166666666667,0.9888268156424581,0.9981167608286252,0.3680555555555556
M1,ST5,Welding,2025-01-17,C,480,178,1055,1050,0.37083333333333335,0.9878277153558053,0.995260663507109,0.36458333333333337
M1,ST6,Cooling_System,2025-01-17,C,480,178,1045,1044,0.37083333333333335,0.9784644194756554,0.999043062200957,0.36250000000000004
M1,ST7,Inspection,2025-01-17,C,480,175,1030,1025,0.3645833333333333,0.9809523809523809,0.9951456310679612,0.35590277777777773
M1,ST8,Packaging,2025-01-17,C,480,172,1020,1016,0.35833333333333334,0.9883720930232558,0.996078431372549,0.3527777777777778
M1,ST1,Robotics,2025-01-18,A,480,260,1480,1472,0.5416666666666666,0.9487179487179487,0.9945945945945946,0.5111111111111111
M1,ST2,CNC,2025-01-18,A,480,261,1495,1491,0.54375,0.954661558109834,0.9973244147157191,0.5177083333333333
M1,ST3,Robotics,2025-01-18,A,480,260,1510,1506,0.5416666666666666,0.967948717948718,0.9973509933774835,0.5229166666666666
M1,ST4,Assembly,2025-01-18,A,480,260,1521,1517,0.5416666666666666,0.975,0.997370151216305,0.5267361111111111
M1,ST5,Welding,2025-01-18,A,480,261,1532,1525,0.54375,0.9782886334610472,0.9954308093994778,0.5295138888888887
M1,ST6,Cooling_System,2025-01-18,A,480,260,1532,1528,0.5416666666666666,0.982051282051282,0.9973890339425587,0.5305555555555554
M1,ST7,Inspection,2025-01-18,A,480,257,1524,1518,0.5354166666666667,0.9883268482490273,0.9960629921259843,0.5270833333333333
M1,ST8,Packaging,2025-01-18,A,480,257,1524,1521,0.5354166666666667,0.9883268482490273,0.9980314960629921,0.528125
M1,ST1,Robotics,2025-01-18,B,480,205,1169,1166,0.4270833333333333,0.9504065040650407,0.9974337040205303,0.4048611111111111
M1,ST2,CNC,2025-01-18,B,480,204,1169,1166,0.425,0.9550653594771242,0.9974337040205303,0.4048611111111111
M1,ST3,Robotics,2025-01-18,B,480,205,1169,1163,0.4270833333333333,0.9504065040650407,0.9948674080410608,0.40381944444444445
M1,ST4,Assembly,2025-01-18,B,480,209,1173,1170,0.4354166666666667,0.9354066985645934,0.9974424552429667,0.40625000000000006
M1,ST5,Welding,2025-01-18,B,480,213,1177,1174,0.44375,0.9209702660406885,0.9974511469838573,0.4076388888888889
M1,ST6,Cooling_System,2025-01-18,B,480,218,1177,1168,0.45416666666666666,0.8998470948012233,0.9923534409515717,0.4055555555555555
M1,ST7,Inspection,2025-01-18,B,480,221,1185,1180,0.46041666666666664,0.8936651583710408,0.9957805907172996,0.4097222222222222
M1,ST8,Packaging,2025-01-18,B,480,219,1185,1185,0.45625,0.9018264840182648,1.0,0.4114583333333333
M1,ST1,Robotics,2025-01-18,C,480,207,1204,1199,0.43125,0.9694041867954911,0.9958471760797342,0.4163194444444444
M1,ST2,CNC,2025-01-18,C,480,212,1203,1200,0.44166666666666665,0.9457547169811321,0.9975062344139651,0.4166666666666667
M1,ST3,Robotics,2025-01-18,C,480,208,1197,1192,0.43333333333333335,0.9591346153846154,0.9958228905597326,0.41388888888888886
M1,ST4,Assembly,2025-01-18,C,480,208,1191,1186,0.43333333333333335,0.9543269230769231,0.9958018471872376,0.4118055555555556
M1,ST5,Welding,2025-01-18,C,480,211,1187,1179,0.4395833333333333,0.9375987361769352,0.9932603201347936,0.409375
M1,ST6,Cooling_System,2025-01-18,C,480,216,1202,1197,0.45,0.9274691358024691,0.9958402662229617,0.415625
M1,ST7,Inspection,2025-01-18,C,480,219,1204,1202,0.45625,0.9162861491628614,0.9983388704318937,0.41736111111111107
M1,ST8,Packaging,2025-01-18,C,480,222,1204,1200,0.4625,0.9039039039039038,0.9966777408637874,0.4166666666666667
M1,ST1,Robotics,2025-01-19,A,480,190,1169,1163,0.3958333333333333,1.0,0.9948674080410608,0.3938016823495865
M1,ST2,CNC,2025-01-19,A,480,193,1156,1151,0.40208333333333335,0.998272884283247,0.995674740484429,0.3996527777777778
M1,ST3,Robotics,2025-01-19,A,480,194,1156,1152,0.4041666666666667,0.993127147766323,0.9965397923875432,0.4
M1,ST4,Assembly,2025-01-19,A,480,200,1156,1151,0.4166666666666667,0.9633333333333334,0.995674740484429,0.3996527777777778
M1,ST5,Welding,2025-01-19,A,480,201,1156,1153,0.41875,0.9585406301824212,0.9974048442906575,0.40034722222222224
M1,ST6,Cooling_System,2025-01-19,A,480,202,1156,1152,0.42083333333333334,0.9537953795379538,0.9965397923875432,0.4
M1,ST7,Inspection,2025-01-19,A,480,203,1156,1149,0.42291666666666666,0.9490968801313628,0.9939446366782007,0.3989583333333333
M1,ST8,Packaging,2025-01-19,A,480,203,1156,1150,0.42291666666666666,0.9490968801313628,0.9948096885813149,0.3993055555555555
M1,ST1,Robotics,2025-01-19,B,480,163,878,875,0.33958333333333335,0.8977505112474438,0.9965831435079726,0.3038194444444445
M1,ST2,CNC,2025-01-19,B,480,163,884,882,0.33958333333333335,0.9038854805725971,0.997737556561086,0.30625
M1,ST3,Robotics,2025-01-19,B,480,159,875,873,0.33125,0.9171907756813418,0.9977142857142857,0.30312500000000003
M1,ST4,Assembly,2025-01-19,B,480,156,867,867,0.325,0.9262820512820513,1.0,0.3010416666666667
M1,ST5,Welding,2025-01-19,B,480,159,859,857,0.33125,0.90041928721174,0.9976717112922002,0.29756944444444444
M1,ST6,Cooling_System,2025-01-19,B,480,161,851,847,0.33541666666666664,0.8809523809523809,0.9952996474735605,0.2940972222222222
M1,ST7,Inspection,2025-01-19,B,480,165,842,841,0.34375,0.8505050505050505,0.998812351543943,0.2920138888888889
M1,ST8,Packaging,2025-01-19,B,480,163,834,832,0.33958333333333335,0.852760736196319,0.9976019184652278,0.2888888888888889
M1,ST1,Robotics,2025-01-19,C,480,137,807,803,0.28541666666666665,0.9817518248175182,0.9950433705080545,0.27881944444444445
M1,ST2,CNC,2025-01-19,C,480,136,808,807,0.2833333333333333,0.9901960784313726,0.9987623762376238,0.28020833333333334
M1,ST3,Robotics,2025-01-19,C,480,138,809,806,0.2875,0.9770531400966184,0.9962917181705809,0.2798611111111111
M1,ST4,Assembly,2025-01-19,C,480,142,815,812,0.29583333333333334,0.9565727699530516,0.996319018404908,0.28194444444444444
M1,ST5,Welding,2025-01-19,C,480,143,823,815,0.29791666666666666,0.9592074592074592,0.9902794653705954,0.2829861111111111
M1,ST6,Cooling_System,2025-01-19,C,480,144,831,829,0.3,0.9618055555555556,0.9975932611311673,0.2878472222222222
M1,ST7,Inspection,2025-01-19,C,480,151,852,849,0.3145833333333333,0.9403973509933775,0.9964788732394366,0.2947916666666667
M1,ST8,Packaging,2025-01-19,C,480,149,859,855,0.3104166666666667,0.9608501118568232,0.9953434225844005,0.296875
M1,ST1,Robotics,2025-01-20,A,480,171,1000,999,0.35625,0.9746588693957114,0.999,0.346875
M1,ST2,CNC,2025-01-20,A,480,173,1000,994,0.36041666666666666,0.9633911368015414,0.994,0.3451388888888889
M1,ST3,Robotics,2025-01-20,A,480,171,1000,993,0.35625,0.9746588693957114,0.993,0.34479166666666666
M1,ST4,Assembly,2025-01-20,A,480,176,1015,1011,0.36666666666666664,0.9611742424242424,0.9960591133004926,0.35104166666666664
M1,ST5,Welding,2025-01-20,A,480,178,1030,1022,0.37083333333333335,0.9644194756554307,0.9922330097087378,0.3548611111111111
M1,ST6,Cooling_System,2025-01-20,A,480,180,1045,1041,0.375,0.9675925925925926,0.9961722488038277,0.3614583333333333
M1,ST7,Inspection,2025-01-20,A,480,181,1060,1055,0.3770833333333333,0.9760589318600368,0.9952830188679245,0.3663194444444444
M1,ST8,Packaging,2025-01-20,A,480,176,1060,1055,0.36666666666666664,1.0,0.9952830188679245,0.36493710691823894
M1,ST1,Robotics,2025-01-20,B,480,173,977,974,0.36041666666666666,0.941233140655106,0.9969293756397134,0.33819444444444446
M1,ST2,CNC,2025-01-20,B,480,179,983,981,0.3729166666666667,0.9152700186219739,0.9979654120040692,0.340625
M1,ST3,Robotics,2025-01-20,B,480,186,998,996,0.3875,0.8942652329749103,0.9979959919839679,0.3458333333333333
M1,ST4,Assembly,2025-01-20,B,480,184,998,995,0.38333333333333336,0.9039855072463768,0.996993987975952,0.34548611111111116
M1,ST5,Welding,2025-01-20,B,480,182,998,994,0.37916666666666665,0.9139194139194139,0.9959919839679359,0.3451388888888889
M1,ST6,Cooling_System,2025-01-20,B,480,180,998,993,0.375,0.924074074074074,0.9949899799599199,0.34479166666666666
M1,ST7,Inspection,2025-01-20,B,480,181,998,991,0.3770833333333333,0.9189686924493554,0.9929859719438878,0.3440972222222222
M1,ST8,Packaging,2025-01-20,B,480,181,998,991,0.3770833333333333,0.9189686924493554,0.9929859719438878,0.3440972222222222
M1,ST1,Robotics,2025-01-20,C,480,199,1095,1087,0.41458333333333336,0.9170854271356784,0.9926940639269406,0.3774305555555556
M1,ST2,CNC,2025-01-20,C,480,198,1081,1078,0.4125,0.9099326599326599,0.9972247918593895,0.37430555555555556
M1,ST3,Robotics,2025-01-20,C,480,199,1074,1070,0.41458333333333336,0.8994974874371859,0.9962756052141527,0.3715277777777778
M1,ST4,Assembly,2025-01-20,C,480,196,1061,1058,0.4083333333333333,0.9022108843537415,0.9971724787935909,0.36736111111111114
M1,ST5,Welding,2025-01-20,C,480,190,1047,1043,0.3958333333333333,0.9184210526315789,0.9961795606494747,0.36215277777777777
M1,ST6,Cooling_System,2025-01-20,C,480,186,1032,1029,0.3875,0.9247311827956989,0.997093023255814,0.3572916666666667
M1,ST7,Inspection,2025-01-20,C,480,184,1018,1012,0.38333333333333336,0.9221014492753623,0.9941060903732809,0.3513888888888889
M1,ST8,Packaging,2025-01-20,C,480,183,1019,1016,0.38125,0.9280510018214936,0.9970559371933267,0.35277777777777775
M1,ST1,Robotics,2025-01-21,A,480,219,1304,1301,0.45625,0.9923896499238964,0.9976993865030674,0.45173611111111106
M1,ST2,CNC,2025-01-21,A,480,215,1289,1285,0.4479166666666667,0.9992248062015504,0.9968968192397207,0.4461805555555556
M1,ST3,Robotics,2025-01-21,A,480,213,1289,1283,0.44375,1.0,0.9953452288595811,0.4416844453064391
M1,ST4,Assembly,2025-01-21,A,480,213,1289,1288,0.44375,1.0,0.9992242048099301,0.4434057408844065
M1,ST5,Welding,2025-01-21,A,480,216,1287,1281,0.45,0.9930555555555556,0.9953379953379954,0.4447916666666667
M1,ST6,Cooling_System,2025-01-21,A,480,223,1287,1285,0.46458333333333335,0.9618834080717489,0.9984459984459985,0.4461805555555556
M1,ST7,Inspection,2025-01-21,A,480,213,1210,1202,0.44375,0.94679186228482,0.9933884297520661,0.4173611111111111
M1,ST8,Packaging,2025-01-21,A,480,223,1257,1254,0.46458333333333335,0.9394618834080718,0.9976133651551312,0.43541666666666673
M1,ST1,Robotics,2025-01-21,B,480,188,1105,1099,0.39166666666666666,0.9796099290780141,0.9945701357466064,0.3815972222222222
M1,ST2,CNC,2025-01-21,B,480,193,1120,1114,0.40208333333333335,0.9671848013816926,0.9946428571428572,0.38680555555555557
M1,ST3,Robotics,2025-01-21,B,480,196,1120,1114,0.4083333333333333,0.9523809523809523,0.9946428571428572,0.3868055555555555
M1,ST4,Assembly,2025-01-21,B,480,200,1120,1115,0.4166666666666667,0.9333333333333333,0.9955357142857143,0.3871527777777778
M1,ST5,Welding,2025-01-21,B,480,205,1122,1119,0.4270833333333333,0.9121951219512195,0.9973262032085561,0.3885416666666667
M1,ST6,Cooling_System,2025-01-21,B,480,208,1122,1117,0.43333333333333335,0.8990384615384616,0.9955436720142602,0.38784722222222223
M1,ST7,Inspection,2025-01-21,B,480,215,1137,1134,0.4479166666666667,0.8813953488372093,0.9973614775725593,0.39375
M1,ST8,Packaging,2025-01-21,B,480,215,1152,1144,0.4479166666666667,0.8930232558139535,0.9930555555555556,0.39722222222222225
M1,ST1,Robotics,2025-01-21,C,480,150,818,816,0.3125,0.9088888888888889,0.9975550122249389,0.2833333333333333
M1,ST2,CNC,2025-01-21,C,480,149,823,820,0.3104166666666667,0.9205816554809844,0.9963547995139733,0.28472222222222227
M1,ST3,Robotics,2025-01-21,C,480,151,823,820,0.3145833333333333,0.9083885209713024,0.9963547995139733,0.2847222222222222
M1,ST4,Assembly,2025-01-21,C,480,153,809,805,0.31875,0.8812636165577342,0.9950556242274413,0.2795138888888889
M1,ST5,Welding,2025-01-21,C,480,154,809,808,0.32083333333333336,0.8755411255411255,0.9987639060568603,0.28055555555555556
M1,ST6,Cooling_System,2025-01-21,C,480,151,809,809,0.3145833333333333,0.8929359823399559,1.0,0.2809027777777778
M1,ST7,Inspection,2025-01-21,C,480,153,809,804,0.31875,0.8812636165577342,0.9938195302843016,0.2791666666666667
M1,ST8,Packaging,2025-01-21,C,480,150,809,806,0.3125,0.8988888888888888,0.9962917181705809,0.2798611111111111
M1,ST1,Robotics,2025-01-22,A,480,230,1400,1396,0.4791666666666667,1.0,0.9971428571428571,0.477797619047619
M1,ST2,CNC,2025-01-22,A,480,228,1400,1395,0.475,1.0,0.9964285714285714,0.47330357142857143
M1,ST3,Robotics,2025-01-22,A,480,230,1407,1403,0.4791666666666667,1.0,0.9971570717839374,0.47780443022980335
M1,ST4,Assembly,2025-01-22,A,480,234,1407,1403,0.4875,1.0,0.9971570717839374,0.4861140724946695
M1,ST5,Welding,2025-01-22,A,480,239,1392,1387,0.4979166666666667,0.9707112970711297,0.9964080459770115,0.48159722222222223
M1,ST6,Cooling_System,2025-01-22,A,480,242,1392,1390,0.5041666666666667,0.9586776859504132,0.9985632183908046,0.4826388888888889
M1,ST7,Inspection,2025-01-22,A,480,244,1392,1386,0.5083333333333333,0.9508196721311475,0.9956896551724138,0.48124999999999996
M1,ST8,Packaging,2025-01-22,A,480,243,1392,1387,0.50625,0.9547325102880658,0.9964080459770115,0.4815972222222222
M1,ST1,Robotics,2025-01-22,B,480,147,896,894,0.30625,1.0,0.9977678571428571,0.30556640625000003
M1,ST2,CNC,2025-01-22,B,480,147,896,893,0.30625,1.0,0.9966517857142857,0.305224609375
M1,ST3,Robotics,2025-01-22,B,480,148,889,886,0.30833333333333335,1.0,0.9966254218222722,0.3072928383952006
M1,ST4,Assembly,2025-01-22,B,480,154,904,903,0.32083333333333336,0.9783549783549783,0.9988938053097345,0.31354166666666666
M1,ST5,Welding,2025-01-22,B,480,157,919,915,0.32708333333333334,0.975583864118896,0.9956474428726877,0.31770833333333337
M1,ST6,Cooling_System,2025-01-22,B,480,160,919,917,0.3333333333333333,0.9572916666666667,0.9978237214363439,0.31840277777777776
M1,ST7,Inspection,2025-01-22,B,480,167,919,916,0.34791666666666665,0.9171656686626747,0.9967355821545157,0.31805555555555554
M1,ST8,Packaging,2025-01-22,B,480,168,919,914,0.35,0.9117063492063492,0.9945593035908596,0.3173611111111111
M1,ST1,Robotics,2025-01-22,C,480,152,860,856,0.31666666666666665,0.9429824561403509,0.9953488372093023,0.2972222222222222
M1,ST2,CNC,2025-01-22,C,480,155,870,868,0.3229166666666667,0.9354838709677419,0.9977011494252873,0.3013888888888889
M1,ST3,Robotics,2025-01-22,C,480,152,870,866,0.31666666666666665,0.9539473684210527,0.9954022988505747,0.30069444444444443
M1,ST4,Assembly,2025-01-22,C,480,150,869,866,0.3125,0.9655555555555555,0.996547756041427,0.30069444444444443
M1,ST5,Welding,2025-01-22,C,480,148,869,866,0.30833333333333335,0.9786036036036037,0.996547756041427,0.3006944444444445
M1,ST6,Cooling_System,2025-01-22,C,480,147,869,865,0.30625,0.9852607709750567,0.9953970080552359,0.30034722222222227
M1,ST7,Inspection,2025-01-22,C,480,146,869,866,0.30416666666666664,0.9920091324200914,0.996547756041427,0.30069444444444443
M1,ST8,Packaging,2025-01-22,C,480,146,869,866,0.30416666666666664,0.9920091324200914,0.996547756041427,0.30069444444444443
M1,ST1,Robotics,2025-01-23,A,480,188,1043,1039,0.39166666666666666,0.924645390070922,0.9961649089165868,0.3607638888888889
M1,ST2,CNC,2025-01-23,A,480,187,1037,1034,0.38958333333333334,0.9242424242424242,0.9971070395371263,0.3590277777777778
M1,ST3,Robotics,2025-01-23,A,480,184,1031,1024,0.38333333333333336,0.9338768115942029,0.9932104752667313,0.35555555555555557
M1,ST4,Assembly,2025-01-23,A,480,184,1031,1029,0.38333333333333336,0.9338768115942029,0.9980601357904947,0.3572916666666667
M1,ST5,Welding,2025-01-23,A,480,182,1031,1030,0.37916666666666665,0.9441391941391941,0.9990300678952473,0.35763888888888884
M1,ST6,Cooling_System,2025-01-23,A,480,178,1031,1029,0.37083333333333335,0.9653558052434457,0.9980601357904947,0.3572916666666667
M1,ST7,Inspection,2025-01-23,A,480,180,1031,1026,0.375,0.9546296296296296,0.9951503394762367,0.35625
M1,ST8,Packaging,2025-01-23,A,480,181,1031,1027,0.3770833333333333,0.9493554327808471,0.9961202715809894,0.35659722222222223
M1,ST1,Robotics,2025-01-23,B,480,226,1364,1361,0.4708333333333333,1.0,0.9978005865102639,0.4697977761485826
M1,ST2,CNC,2025-01-23,B,480,232,1370,1368,0.48333333333333334,0.9841954022988506,0.9985401459854014,0.47500000000000003
M1,ST3,Robotics,2025-01-23,B,480,236,1385,1379,0.49166666666666664,0.9781073446327684,0.9956678700361011,0.47881944444444446
M1,ST4,Assembly,2025-01-23,B,480,238,1378,1372,0.49583333333333335,0.9649859943977591,0.9956458635703919,0.4763888888888889
M1,ST5,Welding,2025-01-23,B,480,240,1371,1361,0.5,0.9520833333333333,0.9927060539752006,0.47256944444444443
M1,ST6,Cooling_System,2025-01-23,B,480,242,1361,1355,0.5041666666666667,0.9373278236914601,0.9955914768552535,0.4704861111111111
M1,ST7,Inspection,2025-01-23,B,480,240,1350,1348,0.5,0.9375,0.9985185185185185,0.46805555555555556
M1,ST8,Packaging,2025-01-23,B,480,234,1350,1343,0.4875,0.9615384615384616,0.9948148148148148,0.46631944444444445
M1,ST1,Robotics,2025-01-23,C,480,191,1014,1011,0.39791666666666664,0.8848167539267016,0.9970414201183432,0.35104166666666664
M1,ST2,CNC,2025-01-23,C,480,187,1014,1010,0.38958333333333334,0.9037433155080213,0.9960552268244576,0.3506944444444444
M1,ST3,Robotics,2025-01-23,C,480,185,1005,1001,0.3854166666666667,0.9054054054054054,0.9960199004975124,0.34756944444444443
M1,ST4,Assembly,2025-01-23,C,480,190,1012,1008,0.3958333333333333,0.887719298245614,0.9960474308300395,0.35
M1,ST5,Welding,2025-01-23,C,480,192,1019,1019,0.4,0.8845486111111112,1.0,0.35381944444444446
M1,ST6,Cooling_System,2025-01-23,C,480,187,1029,1028,0.38958333333333334,0.9171122994652406,0.9990281827016521,0.35694444444444445
M1,ST7,Inspection,2025-01-23,C,480,188,1040,1038,0.39166666666666666,0.9219858156028369,0.9980769230769231,0.36041666666666666
M1,ST8,Packaging,2025-01-23,C,480,187,1034,1032,0.38958333333333334,0.9215686274509803,0.9980657640232108,0.35833333333333334
M1,ST1,Robotics,2025-01-24,A,480,222,1306,1300,0.4625,0.9804804804804805,0.9954058192955589,0.45138888888888895
M1,ST2,CNC,2025-01-24,A,480,222,1304,1301,0.4625,0.978978978978979,0.9976993865030674,0.45173611111111117
M1,ST3,Robotics,2025-01-24,A,480,227,1319,1316,0.47291666666666665,0.9684287812041116,0.9977255496588324,0.45694444444444443
M1,ST4,Assembly,2025-01-24,A,480,233,1328,1326,0.48541666666666666,0.949928469241774,0.9984939759036144,0.4604166666666667
M1,ST5,Welding,2025-01-24,A,480,231,1336,1334,0.48125,0.963924963924964,0.9985029940119761,0.46319444444444446
M1,ST6,Cooling_System,2025-01-24,A,480,232,1337,1333,0.48333333333333334,0.9604885057471264,0.9970082273747195,0.46284722222222224
M1,ST7,Inspection,2025-01-24,A,480,233,1337,1327,0.48541666666666666,0.9563662374821174,0.9925205684367988,0.4607638888888889
M1,ST8,Packaging,2025-01-24,A,480,228,1337,1334,0.475,0.9773391812865497,0.9977561705310396,0.46319444444444446
M1,ST1,Robotics,2025-01-24,B,480,245,1336,1334,0.5104166666666666,0.908843537414966,0.9985029940119761,0.46319444444444446
M1,ST2,CNC,2025-01-24,B,480,247,1349,1344,0.5145833333333333,0.9102564102564102,0.9962935507783544,0.4666666666666666
M1,ST3,Robotics,2025-01-24,B,480,246,1349,1342,0.5125,0.9139566395663956,0.9948109710896961,0.4659722222222222
M1,ST4,Assembly,2025-01-24,B,480,250,1349,1343,0.5208333333333334,0.8993333333333333,0.9955522609340252,0.4663194444444444
M1,ST5,Welding,2025-01-24,B,480,248,1349,1344,0.5166666666666667,0.9065860215053764,0.9962935507783544,0.46666666666666673
M1,ST6,Cooling_System,2025-01-24,B,480,245,1334,1332,0.5104166666666666,0.9074829931972789,0.9985007496251874,0.46249999999999997
M1,ST7,Inspection,2025-01-24,B,480,241,1319,1315,0.5020833333333333,0.9121715076071922,0.9969673995451099,0.4565972222222222
M1,ST8,Packaging,2025-01-24,B,480,237,1304,1298,0.49375,0.9170182841068917,0.995398773006135,0.45069444444444445
M1,ST1,Robotics,2025-01-24,C,480,165,947,945,0.34375,0.9565656565656566,0.9978880675818373,0.328125
M1,ST2,CNC,2025-01-24,C,480,163,927,926,0.33958333333333335,0.9478527607361963,0.9989212513484358,0.3215277777777778
M1,ST3,Robotics,2025-01-24,C,480,159,903,901,0.33125,0.9465408805031447,0.9977851605758582,0.3128472222222222
M1,ST4,Assembly,2025-01-24,C,480,156,886,885,0.325,0.9465811965811965,0.9988713318284425,0.3072916666666667
M1,ST5,Welding,2025-01-24,C,480,149,871,868,0.3104166666666667,0.9742729306487695,0.9965556831228473,0.3013888888888889
M1,ST6,Cooling_System,2025-01-24,C,480,156,884,882,0.325,0.9444444444444444,0.997737556561086,0.30625
M1,ST7,Inspection,2025-01-24,C,480,157,893,884,0.32708333333333334,0.9479830148619958,0.9899216125419933,0.30694444444444446
M1,ST8,Packaging,2025-01-24,C,480,160,914,911,0.3333333333333333,0.9520833333333333,0.9967177242888403,0.31631944444444443
M1,ST1,Robotics,2025-01-25,A,480,240,1491,1486,0.5,1.0,0.9966465459423206,0.4983232729711603
M1,ST2,CNC,2025-01-25,A,480,242,1493,1486,0.5041666666666667,1.0,0.9953114534494307,0.5018028577807546
M1,ST3,Robotics,2025-01-25,A,480,247,1503,1499,0.5145833333333333,1.0,0.9973386560212908,0.5132138500776225
M1,ST4,Assembly,2025-01-25,A,480,255,1518,1515,0.53125,0.9921568627450981,0.9980237154150198,0.5260416666666667
M1,ST5,Welding,2025-01-25,A,480,255,1518,1513,0.53125,0.9921568627450981,0.9967061923583662,0.5253472222222222
M1,ST6,Cooling_System,2025-01-25,A,480,254,1508,1503,0.5291666666666667,0.989501312335958,0.996684350132626,0.5218750000000001
M1,ST7,Inspection,2025-01-25,A,480,255,1499,1494,0.53125,0.9797385620915032,0.9966644429619747,0.5187499999999999
M1,ST8,Packaging,2025-01-25,A,480,255,1498,1495,0.53125,0.9790849673202614,0.9979973297730307,0.5190972222222221
M1,ST1,Robotics,2025-01-25,B,480,194,1165,1157,0.4041666666666667,1.0,0.9931330472103004,0.4013912732474964
M1,ST2,CNC,2025-01-25,B,480,196,1158,1155,0.4083333333333333,0.9846938775510204,0.9974093264248705,0.4010416666666667
M1,ST3,Robotics,2025-01-25,B,480,198,1143,1139,0.4125,0.9621212121212122,0.9965004374453194,0.3954861111111111
M1,ST4,Assembly,2025-01-25,B,480,198,1128,1125,0.4125,0.9494949494949495,0.9973404255319149,0.390625
M1,ST5,Welding,2025-01-25,B,480,188,1113,1108,0.39166666666666666,0.9867021276595744,0.995507637017071,0.3847222222222222
M1,ST6,Cooling_System,2025-01-25,B,480,192,1123,1113,0.4,0.9748263888888888,0.9910952804986642,0.3864583333333333
M1,ST7,Inspection,2025-01-25,B,480,194,1132,1130,0.4041666666666667,0.9725085910652921,0.9982332155477032,0.3923611111111111
M1,ST8,Packaging,2025-01-25,B,480,194,1133,1130,0.4041666666666667,0.9733676975945017,0.9973521624007061,0.3923611111111111
M1,ST1,Robotics,2025-01-25,C,480,111,626,623,0.23125,0.93993993993994,0.9952076677316294,0.21631944444444445
M1,ST2,CNC,2025-01-25,C,480,115,640,639,0.23958333333333334,0.927536231884058,0.9984375,0.22187500000000002
M1,ST3,Robotics,2025-01-25,C,480,115,654,653,0.23958333333333334,0.9478260869565217,0.9984709480122325,0.2267361111111111
M1,ST4,Assembly,2025-01-25,C,480,117,662,659,0.24375,0.9430199430199431,0.9954682779456193,0.22881944444444446
M1,ST5,Welding,2025-01-25,C,480,120,684,678,0.25,0.95,0.9912280701754386,0.23541666666666666
M1,ST6,Cooling_System,2025-01-25,C,480,120,682,678,0.25,0.9472222222222222,0.9941348973607038,0.23541666666666666
M1,ST7,Inspection,2025-01-25,C,480,125,678,677,0.2604166666666667,0.904,0.9985250737463127,0.23506944444444447
M1,ST8,Packaging,2025-01-25,C,480,122,678,675,0.25416666666666665,0.9262295081967213,0.995575221238938,0.234375
M1,ST1,Robotics,2025-01-26,A,480,144,825,822,0.3,0.9548611111111112,0.9963636363636363,0.28541666666666665
M1,ST2,CNC,2025-01-26,A,480,144,827,826,0.3,0.9571759259259259,0.9987908101571947,0.28680555555555554
M1,ST3,Robotics,2025-01-26,A,480,145,828,826,0.3020833333333333,0.9517241379310345,0.9975845410628019,0.28680555555555554
M1,ST4,Assembly,2025-01-26,A,480,145,819,814,0.3020833333333333,0.9413793103448276,0.9938949938949939,0.2826388888888889
M1,ST5,Welding,2025-01-26,A,480,147,825,819,0.30625,0.935374149659864,0.9927272727272727,0.28437500000000004
M1,ST6,Cooling_System,2025-01-26,A,480,154,832,826,0.32083333333333336,0.9004329004329005,0.9927884615384616,0.2868055555555556
M1,ST7,Inspection,2025-01-26,A,480,147,765,760,0.30625,0.8673469387755102,0.9934640522875817,0.2638888888888889
M1,ST8,Packaging,2025-01-26,A,480,154,834,834,0.32083333333333336,0.9025974025974026,1.0,0.28958333333333336
M1,ST1,Robotics,2025-01-26,B,480,141,831,829,0.29375,0.9822695035460993,0.9975932611311673,0.28784722222222225
M1,ST2,CNC,2025-01-26,B,480,140,824,821,0.2916666666666667,0.9809523809523809,0.9963592233009708,0.28506944444444443
M1,ST3,Robotics,2025-01-26,B,480,142,833,831,0.29583333333333334,0.9776995305164319,0.9975990396158463,0.28854166666666664
M1,ST4,Assembly,2025-01-26,B,480,143,842,840,0.29791666666666666,0.9813519813519813,0.997624703087886,0.29166666666666663
M1,ST5,Welding,2025-01-26,B,480,144,849,847,0.3,0.9826388888888888,0.9976442873969376,0.2940972222222222
M1,ST6,Cooling_System,2025-01-26,B,480,142,857,855,0.29583333333333334,1.0,0.9976662777129521,0.29514294049008166
M1,ST7,Inspection,2025-01-26,B,480,142,857,852,0.29583333333333334,1.0,0.9941656942823804,0.2941073512252042
M1,ST8,Packaging,2025-01-26,B,480,142,858,854,0.29583333333333334,1.0,0.9953379953379954,0.294454156954157
M1,ST1,Robotics,2025-01-26,C,480,212,1223,1218,0.44166666666666665,0.9614779874213837,0.9959116925592805,0.42291666666666666
M1,ST2,CNC,2025-01-26,C,480,219,1228,1220,0.45625,0.9345509893455098,0.993485342019544,0.4236111111111111
M1,ST3,Robotics,2025-01-26,C,480,218,1218,1214,0.45416666666666666,0.9311926605504587,0.9967159277504105,0.4215277777777778
M1,ST4,Assembly,2025-01-26,C,480,215,1218,1215,0.4479166666666667,0.9441860465116279,0.9975369458128078,0.421875
M1,ST5,Welding,2025-01-26,C,480,215,1205,1205,0.4479166666666667,0.9341085271317829,1.0,0.4184027777777778
M1,ST6,Cooling_System,2025-01-26,C,480,211,1193,1188,0.4395833333333333,0.9423380726698263,0.9958088851634534,0.41250000000000003
M1,ST7,Inspection,2025-01-26,C,480,212,1203,1196,0.44166666666666665,0.9457547169811321,0.9941812136325852,0.4152777777777778
M1,ST8,Packaging,2025-01-26,C,480,211,1200,1195,0.4395833333333333,0.9478672985781991,0.9958333333333333,0.4149305555555556
M1,ST1,Robotics,2025-01-27,A,480,203,1228,1225,0.42291666666666666,1.0,0.997557003257329,0.4218834826275787
M1,ST2,CNC,2025-01-27,A,480,203,1234,1228,0.42291666666666666,1.0,0.9951377633711507,0.4208603457590491
M1,ST3,Robotics,2025-01-27,A,480,205,1236,1229,0.4270833333333333,1.0,0.9943365695792881,0.42466457659115425
M1,ST4,Assembly,2025-01-27,A,480,211,1242,1240,0.4395833333333333,0.981042654028436,0.998389694041868,0.4305555555555556
M1,ST5,Welding,2025-01-27,A,480,210,1227,1224,0.4375,0.9738095238095238,0.9975550122249389,0.425
M1,ST6,Cooling_System,2025-01-27,A,480,210,1212,1209,0.4375,0.9619047619047619,0.9975247524752475,0.4197916666666667
M1,ST7,Inspection,2025-01-27,A,480,213,1212,1209,0.44375,0.9483568075117371,0.9975247524752475,0.4197916666666667
M1,ST8,Packaging,2025-01-27,A,480,214,1212,1209,0.44583333333333336,0.9439252336448598,0.9975247524752475,0.4197916666666667
M1,ST1,Robotics,2025-01-27,B,480,190,1085,1083,0.3958333333333333,0.9517543859649122,0.9981566820276497,0.37604166666666666
M1,ST2,CNC,2025-01-27,B,480,191,1079,1077,0.39791666666666664,0.9415357766143106,0.9981464318813716,0.37395833333333334
M1,ST3,Robotics,2025-01-27,B,480,186,1064,1057,0.3875,0.953405017921147,0.993421052631579,0.3670138888888889
M1,ST4,Assembly,2025-01-27,B,480,180,1058,1057,0.375,0.9796296296296296,0.999054820415879,0.3670138888888889
M1,ST5,Welding,2025-01-27,B,480,181,1065,1060,0.3770833333333333,0.9806629834254144,0.9953051643192489,0.3680555555555555
M1,ST6,Cooling_System,2025-01-27,B,480,177,1080,1074,0.36875,1.0,0.9944444444444445,0.3667013888888889
M1,ST7,Inspection,2025-01-27,B,480,179,1079,1077,0.3729166666666667,1.0,0.9981464318813716,0.3722254402224282
M1,ST8,Packaging,2025-01-27,B,480,180,1079,1078,0.375,0.9990740740740741,0.9990732159406858,0.37430555555555556
M1,ST1,Robotics,2025-01-27,C,480,296,1792,1787,0.6166666666666667,1.0,0.9972098214285714,0.614946056547619
M1,ST2,CNC,2025-01-27,C,480,301,1786,1778,0.6270833333333333,0.9889258028792912,0.9955207166853304,0.6173611111111111
M1,ST3,Robotics,2025-01-27,C,480,301,1795,1786,0.6270833333333333,0.9939091915836102,0.9949860724233983,0.6201388888888889
M1,ST4,Assembly,2025-01-27,C,480,299,1795,1788,0.6229166666666667,1.0,0.996100278551532,0.6204874651810585
M1,ST5,Welding,2025-01-27,C,480,300,1802,1794,0.625,1.0,0.9955604883462819,0.6222253052164262
M1,ST6,Cooling_System,2025-01-27,C,480,297,1800,1796,0.61875,1.0,0.9977777777777778,0.617375
M1,ST7,Inspection,2025-01-27,C,480,293,1769,1755,0.6104166666666667,1.0,0.9920859242509893,0.6055857829282081
M1,ST8,Packaging,2025-01-27,C,480,296,1801,1790,0.6166666666666667,1.0,0.9938922820655192,0.6129002406070702
M1,ST1,Robotics,2025-01-28,A,480,164,828,825,0.3416666666666667,0.8414634146341463,0.9963768115942029,0.2864583333333333
M1,ST2,CNC,2025-01-28,A,480,168,835,833,0.35,0.8283730158730159,0.9976047904191617,0.28923611111111114
M1,ST3,Robotics,2025-01-28,A,480,171,841,837,0.35625,0.8196881091617934,0.995243757431629,0.290625
M1,ST4,Assembly,2025-01-28,A,480,163,826,824,0.33958333333333335,0.8445807770961146,0.9975786924939467,0.28611111111111115
M1,ST5,Welding,2025-01-28,A,480,161,811,806,0.33541666666666664,0.839544513457557,0.9938347718865598,0.2798611111111111
M1,ST6,Cooling_System,2025-01-28,A,480,156,811,807,0.325,0.8664529914529915,0.9950678175092479,0.28020833333333334
M1,ST7,Inspection,2025-01-28,A,480,149,796,793,0.3104166666666667,0.8903803131991052,0.9962311557788944,0.27534722222222224
M1,ST8,Packaging,2025-01-28,A,480,144,781,779,0.3,0.9039351851851852,0.9974391805377721,0.2704861111111111
M1,ST1,Robotics,2025-01-28,B,480,110,634,633,0.22916666666666666,0.9606060606060606,0.998422712933754,0.21979166666666666
M1,ST2,CNC,2025-01-28,B,480,107,627,624,0.22291666666666668,0.9766355140186916,0.9952153110047847,0.2166666666666667
M1,ST3,Robotics,2025-01-28,B,480,110,630,628,0.22916666666666666,0.9545454545454546,0.9968253968253968,0.21805555555555556
M1,ST4,Assembly,2025-01-28,B,480,111,645,645,0.23125,0.9684684684684685,1.0,0.22395833333333334
M1,ST5,Welding,2025-01-28,B,480,112,646,646,0.23333333333333334,0.9613095238095238,1.0,0.22430555555555556
M1,ST6,Cooling_System,2025-01-28,B,480,110,646,644,0.22916666666666666,0.9787878787878788,0.9969040247678018,0.2236111111111111
M1,ST7,Inspection,2025-01-28,B,480,116,661,654,0.24166666666666667,0.9497126436781609,0.989409984871407,0.22708333333333333
M1,ST8,Packaging,2025-01-28,B,480,118,676,672,0.24583333333333332,0.9548022598870056,0.9940828402366864,0.2333333333333333
M1,ST1,Robotics,2025-01-28,C,480,215,1132,1127,0.4479166666666667,0.8775193798449612,0.9955830388692579,0.39131944444444444
M1,ST2,CNC,2025-01-28,C,480,219,1128,1121,0.45625,0.8584474885844748,0.9937943262411347,0.3892361111111111
M1,ST3,Robotics,2025-01-28,C,480,220,1123,1121,0.4583333333333333,0.8507575757575757,0.9982190560997328,0.38923611111111106
M1,ST4,Assembly,2025-01-28,C,480,225,1123,1119,0.46875,0.8318518518518518,0.9964381121994658,0.3885416666666667
M1,ST5,Welding,2025-01-28,C,480,221,1137,1135,0.46041666666666664,0.8574660633484162,0.9982409850483729,0.39409722222222215
M1,ST6,Cooling_System,2025-01-28,C,480,228,1129,1127,0.475,0.8252923976608187,0.9982285208148804,0.39131944444444444
M1,ST7,Inspection,2025-01-28,C,480,225,1129,1125,0.46875,0.8362962962962963,0.9964570416297609,0.390625
M1,ST8,Packaging,2025-01-28,C,480,224,1129,1121,0.4666666666666667,0.8400297619047619,0.9929140832595217,0.3892361111111111
M1,ST1,Robotics,2025-01-29,A,480,198,1130,1123,0.4125,0.9511784511784511,0.9938053097345133,0.3899305555555555
M1,ST2,CNC,2025-01-29,A,480,202,1136,1132,0.42083333333333334,0.9372937293729373,0.9964788732394366,0.39305555555555555
M1,ST3,Robotics,2025-01-29,A,480,208,1145,1145,0.43333333333333335,0.9174679487179487,1.0,0.3975694444444444
M1,ST4,Assembly,2025-01-29,A,480,214,1153,1149,0.44583333333333336,0.8979750778816199,0.9965307892454467,0.39895833333333336
M1,ST5,Welding,2025-01-29,A,480,208,1161,1157,0.43333333333333335,0.9302884615384616,0.9965546942291128,0.4017361111111111
M1,ST6,Cooling_System,2025-01-29,A,480,210,1166,1160,0.4375,0.9253968253968254,0.9948542024013722,0.4027777777777778
M1,ST7,Inspection,2025-01-29,A,480,213,1177,1170,0.44375,0.9209702660406885,0.994052676295667,0.40625
M1,ST8,Packaging,2025-01-29,A,480,213,1177,1169,0.44375,0.9209702660406885,0.9932030586236194,0.4059027777777778
M1,ST1,Robotics,2025-01-29,B,480,166,959,955,0.3458333333333333,0.9628514056224899,0.9958289885297185,0.3315972222222222
M1,ST2,CNC,2025-01-29,B,480,166,948,947,0.3458333333333333,0.9518072289156626,0.9989451476793249,0.32881944444444444
M1,ST3,Robotics,2025-01-29,B,480,164,948,947,0.3416666666666667,0.9634146341463414,0.9989451476793249,0.32881944444444444
M1,ST4,Assembly,2025-01-29,B,480,162,948,945,0.3375,0.9753086419753086,0.9968354430379747,0.328125
M1,ST5,Welding,2025-01-29,B,480,165,948,943,0.34375,0.9575757575757575,0.9947257383966245,0.32743055555555556
M1,ST6,Cooling_System,2025-01-29,B,480,168,948,945,0.35,0.9404761904761905,0.9968354430379747,0.328125
M1,ST7,Inspection,2025-01-29,B,480,171,948,942,0.35625,0.9239766081871345,0.9936708860759493,0.32708333333333334
M1,ST8,Packaging,2025-01-29,B,480,170,948,940,0.3541666666666667,0.9294117647058824,0.9915611814345991,0.32638888888888895
M1,ST1,Robotics,2025-01-29,C,480,143,813,812,0.29791666666666666,0.9475524475524476,0.998769987699877,0.28194444444444444
M1,ST2,CNC,2025-01-29,C,480,144,813,809,0.3,0.9409722222222222,0.995079950799508,0.2809027777777778
M1,ST3,Robotics,2025-01-29,C,480,139,789,786,0.28958333333333336,0.9460431654676259,0.9961977186311787,0.2729166666666667
M1,ST4,Assembly,2025-01-29,C,480,138,772,767,0.2875,0.9323671497584541,0.9935233160621761,0.26631944444444444
M1,ST5,Welding,2025-01-29,C,480,139,750,749,0.28958333333333336,0.8992805755395683,0.9986666666666667,0.26006944444444446
M1,ST6,Cooling_System,2025-01-29,C,480,140,755,748,0.2916666666666667,0.8988095238095238,0.990728476821192,0.25972222222222224
M1,ST7,Inspection,2025-01-29,C,480,139,744,742,0.28958333333333336,0.8920863309352518,0.9973118279569892,0.2576388888888889
M1,ST8,Packaging,2025-01-29,C,480,138,744,743,0.2875,0.8985507246376812,0.9986559139784946,0.2579861111111111
M1,ST1,Robotics,2025-01-30,A,480,133,756,753,0.27708333333333335,0.9473684210526315,0.996031746031746,0.26145833333333335
M1,ST2,CNC,2025-01-30,A,480,135,758,757,0.28125,0.9358024691358025,0.9986807387862797,0.26284722222222223
M1,ST3,Robotics,2025-01-30,A,480,133,760,757,0.27708333333333335,0.9523809523809523,0.9960526315789474,0.26284722222222223
M1,ST4,Assembly,2025-01-30,A,480,134,760,756,0.2791666666666667,0.945273631840796,0.9947368421052631,0.2625
M1,ST5,Welding,2025-01-30,A,480,135,770,768,0.28125,0.9506172839506173,0.9974025974025974,0.26666666666666666
M1,ST6,Cooling_System,2025-01-30,A,480,138,780,777,0.2875,0.9420289855072463,0.9961538461538462,0.26979166666666665
M1,ST7,Inspection,2025-01-30,A,480,145,780,779,0.3020833333333333,0.896551724137931,0.9987179487179487,0.2704861111111111
M1,ST8,Packaging,2025-01-30,A,480,145,780,777,0.3020833333333333,0.896551724137931,0.9961538461538462,0.26979166666666665
M1,ST1,Robotics,2025-01-30,B,480,198,1119,1114,0.4125,0.9419191919191919,0.9955317247542449,0.38680555555555557
M1,ST2,CNC,2025-01-30,B,480,192,1119,1115,0.4,0.9713541666666666,0.9964253798033958,0.3871527777777778
M1,ST3,Robotics,2025-01-30,B,480,185,1118,1117,0.3854166666666667,1.0,0.9991055456171736,0.38507192903995235
M1,ST4,Assembly,2025-01-30,B,480,188,1115,1114,0.39166666666666666,0.9884751773049646,0.9991031390134529,0.38680555555555557
M1,ST5,Welding,2025-01-30,B,480,186,1100,1094,0.3875,0.985663082437276,0.9945454545454545,0.3798611111111111
M1,ST6,Cooling_System,2025-01-30,B,480,190,1100,1096,0.3958333333333333,0.9649122807017544,0.9963636363636363,0.38055555555555554
M1,ST7,Inspection,2025-01-30,B,480,190,1100,1097,0.3958333333333333,0.9649122807017544,0.9972727272727273,0.38090277777777776
M1,ST8,Packaging,2025-01-30,B,480,192,1100,1095,0.4,0.9548611111111112,0.9954545454545455,0.38020833333333337
M1,ST1,Robotics,2025-01-30,C,480,242,1350,1344,0.5041666666666667,0.9297520661157025,0.9955555555555555,0.4666666666666667
M1,ST2,CNC,2025-01-30,C,480,244,1348,1344,0.5083333333333333,0.9207650273224044,0.9970326409495549,0.4666666666666667
M1,ST3,Robotics,2025-01-30,C,480,248,1347,1341,0.5166666666666667,0.905241935483871,0.9955456570155902,0.46562500000000007
M1,ST4,Assembly,2025-01-30,C,480,248,1344,1337,0.5166666666666667,0.9032258064516129,0.9947916666666666,0.4642361111111111
M1,ST5,Welding,2025-01-30,C,480,245,1349,1341,0.5104166666666666,0.917687074829932,0.994069681245367,0.46562499999999996
M1,ST6,Cooling_System,2025-01-30,C,480,240,1339,1336,0.5,0.9298611111111111,0.9977595220313666,0.4638888888888889
M1,ST7,Inspection,2025-01-30,C,480,216,1239,1234,0.45,0.9560185185185185,0.9959644874899112,0.4284722222222222
M1,ST8,Packaging,2025-01-30,C,480,233,1339,1333,0.48541666666666666,0.957796852646638,0.9955190440627334,0.46284722222222224
M1,ST1,Robotics,2025-01-31,C,360,93,563,560,0.25833333333333336,1.0,0.9946714031971581,0.25695677915926585
M1,ST2,CNC,2025-01-31,C,360,96,570,570,0.26666666666666666,0.9895833333333334,1.0,0.2638888888888889
M1,ST3,Robotics,2025-01-31,C,360,99,577,576,0.275,0.9713804713804713,0.9982668977469671,0.2666666666666667
M1,ST4,Assembly,2025-01-31,C,360,98,590,589,0.2722222222222222,1.0,0.9983050847457627,0.2717608286252354
M1,ST5,Welding,2025-01-31,C,360,101,602,599,0.28055555555555556,0.9933993399339934,0.9950166112956811,0.27731481481481485
M1,ST6,Cooling_System,2025-01-31,C,360,101,592,589,0.28055555555555556,0.976897689768977,0.9949324324324325,0.2726851851851852
M1,ST7,Inspection,2025-01-31,C,360,100,592,591,0.2777777777777778,0.9866666666666667,0.9983108108108109,0.27361111111111114
M1,ST8,Packaging,2025-01-31,C,360,100,592,592,0.2777777777777778,0.9866666666666667,1.0,0.2740740740740741
